State,Constituency,Location_Query,Normalized_Location,Latitude,Longitude,Location_Level,Confidence,Geocoding_Status,Display_Name
Andaman And Nicobar Islands,ANDAMAN AND NICOBAR ISLANDS,"ANDAMAN AND NICOBAR ISLANDS, Andaman And Nicobar Islands, India","ANDAMAN AND NICOBAR ISLANDS, Andaman And Nicobar Islands",11.6644385,92.7401576,CONSTITUENCY,MEDIUM,resolved,"Anthropological Survey of India, Port Blair, Port Blair Tehsil, South Andaman, Andaman and Nicobar Islands, India"
Andhra Pradesh,AMALAPURAM(SC),"AMALAPURAM, Andhra Pradesh, India","AMALAPURAM(SC), Andhra Pradesh",16.5777179,82.0032621,CONSTITUENCY,MEDIUM,resolved,"Amalapuram, Konaseema, Andhra Pradesh, 533201, India"
Andhra Pradesh,ANAKAPALLE,"ANAKAPALLE, Andhra Pradesh, India","ANAKAPALLE, Andhra Pradesh",17.68897,83.003476,CONSTITUENCY,MEDIUM,resolved,"Anakapalle, Mudapeta, Anakapalle, Anakapalli, Andhra Pradesh, 531001, India"
Andhra Pradesh,ANANTAPUR,"ANANTAPUR, Andhra Pradesh, India","ANANTAPUR, Andhra Pradesh",14.6783221,77.6065039,CONSTITUENCY,MEDIUM,resolved,"Anantapur, Anantapuram, Andhra Pradesh, 515001, India"
Andhra Pradesh,ARAKU(ST),"ARAKU, Andhra Pradesh, India","ARAKU(ST), Andhra Pradesh",18.3329216,82.8652583,CONSTITUENCY,MEDIUM,resolved,"Araku, Araku Main Road, Araku Town, Pradhaputtu, Endapallevalasa, Araku Valley, Alluri Sitharama Raju, Andhra Pradesh, 531151, India"
Andhra Pradesh,BAPATLA,"BAPATLA, Andhra Pradesh, India","BAPATLA, Andhra Pradesh",15.9344304,80.4505522,CONSTITUENCY,MEDIUM,resolved,"Bapatla, Andhra Pradesh, India"
Andhra Pradesh,CHITTOOR,"CHITTOOR, Andhra Pradesh, India","CHITTOOR, Andhra Pradesh",13.325036,79.6480611,CONSTITUENCY,MEDIUM,resolved,"Chittoor, Andhra Pradesh, India"
Andhra Pradesh,ELURU,"ELURU, Andhra Pradesh, India","ELURU, Andhra Pradesh",16.7104257,81.1153816,CONSTITUENCY,MEDIUM,resolved,"Eluru, Andhra Pradesh, 534001, India"
Andhra Pradesh,GUNTUR,"GUNTUR, Andhra Pradesh, India","GUNTUR, Andhra Pradesh",16.2915189,80.4541588,CONSTITUENCY,MEDIUM,resolved,"Guntur, Andhra Pradesh, 522001, India"
Andhra Pradesh,HINDUPUR,"HINDUPUR, Andhra Pradesh, India","HINDUPUR, Andhra Pradesh",13.8306127,77.492635,CONSTITUENCY,MEDIUM,resolved,"Hindupuram, Hindupur, Sri Sathya Sai, Andhra Pradesh, 515200, India"
Andhra Pradesh,KADAPA,"KADAPA, Andhra Pradesh, India","KADAPA, Andhra Pradesh",14.4752936,78.8216861,CONSTITUENCY,MEDIUM,resolved,"Kadapa, YSR Kadapa, Andhra Pradesh, 516001, India"
Andhra Pradesh,KAKINADA,"KAKINADA, Andhra Pradesh, India","KAKINADA, Andhra Pradesh",16.9437385,82.2350607,CONSTITUENCY,MEDIUM,resolved,"Kakinada, Kakinada Urban, Kakinada, Andhra Pradesh, 533001, India"
Andhra Pradesh,KURNOOL,"KURNOOL, Andhra Pradesh, India","KURNOOL, Andhra Pradesh",15.8309251,78.0425373,CONSTITUENCY,MEDIUM,resolved,"Kurnool, Andhra Pradesh, 518001, India"
Andhra Pradesh,MACHILIPATNAM,"MACHILIPATNAM, Andhra Pradesh, India","MACHILIPATNAM, Andhra Pradesh",16.1817369,81.1348181,CONSTITUENCY,MEDIUM,resolved,"Machilipatnam, Krishna, Andhra Pradesh, 521001, India"
Andhra Pradesh,NANDYAL,"NANDYAL, Andhra Pradesh, India","NANDYAL, Andhra Pradesh",15.4736293,78.4806592,CONSTITUENCY,MEDIUM,resolved,"Nandyal, Andhra Pradesh, 518500, India"
Andhra Pradesh,NARASARAOPET,"NARASARAOPET, Andhra Pradesh, India","NARASARAOPET, Andhra Pradesh",16.2389242,80.0472879,CONSTITUENCY,MEDIUM,resolved,"Narasaraopeta, Narasaraopet, Palnadu, Andhra Pradesh, 522600, India"
Andhra Pradesh,NELLORE(SC),"NELLORE, Andhra Pradesh, India","NELLORE(SC), Andhra Pradesh",14.4493717,79.9873763,CONSTITUENCY,MEDIUM,resolved,"Nellore, Sri Potti Sriramulu Nellore, Andhra Pradesh, 524001, India"
Andhra Pradesh,ONGOLE,"ONGOLE, Andhra Pradesh, India","ONGOLE, Andhra Pradesh",15.5058714,80.0499454,CONSTITUENCY,MEDIUM,resolved,"Ongole, Prakasam, Andhra Pradesh, 523002, India"
Andhra Pradesh,RAJAHMUNDRY,"RAJAHMUNDRY, Andhra Pradesh, India","RAJAHMUNDRY, Andhra Pradesh",17.0050454,81.7804732,CONSTITUENCY,MEDIUM,resolved,"Rajamahendravaram, Rajahmundry Urban, East Godavari, Andhra Pradesh, 533100, India"
Andhra Pradesh,RAJAMPET,"RAJAMPET, Andhra Pradesh, India","RAJAMPET, Andhra Pradesh",14.1987099,79.1110344,CONSTITUENCY,MEDIUM,resolved,"Rajampet, YSR Kadapa, Andhra Pradesh, India"
Andhra Pradesh,SRIKAKULAM,"SRIKAKULAM, Andhra Pradesh, India","SRIKAKULAM, Andhra Pradesh",18.2949307,83.8938844,CONSTITUENCY,MEDIUM,resolved,"Srikakulam, Andhra Pradesh, 532001, India"
Andhra Pradesh,TIRUPATI(SC),"TIRUPATI, Andhra Pradesh, India","TIRUPATI(SC), Andhra Pradesh",13.6316368,79.4231711,CONSTITUENCY,MEDIUM,resolved,"Tirupati, Tirupati (Urban), Tirupati, Andhra Pradesh, 517500, India"
Andhra Pradesh,VIJAYAWADA,"VIJAYAWADA, Andhra Pradesh, India","VIJAYAWADA, Andhra Pradesh",16.5115306,80.6160469,CONSTITUENCY,MEDIUM,resolved,"Vijayawada, Vijayawada (Urban), NTR, Andhra Pradesh, 520001, India"
Andhra Pradesh,VISAKHAPATNAM,"VISAKHAPATNAM, Andhra Pradesh, India","VISAKHAPATNAM, Andhra Pradesh",17.6935526,83.2921297,CONSTITUENCY,MEDIUM,resolved,"Visakhapatnam, Visakhapatnam Urban, Visakhapatnam, Andhra Pradesh, 530001, India"
Andhra Pradesh,VIZIANAGARAM,"VIZIANAGARAM, Andhra Pradesh, India","VIZIANAGARAM, Andhra Pradesh",18.1141255,83.4114389,CONSTITUENCY,MEDIUM,resolved,"Vizianagaram, Andhra Pradesh, 535001, India"
Arunachal Pradesh,ARUNACHAL EAST,"ARUNACHAL EAST, Arunachal Pradesh, India","ARUNACHAL EAST, Arunachal Pradesh",28.0580363,95.3322182,CONSTITUENCY,MEDIUM,resolved,"State Bank of India, NH515, Pasighat, Pasighat HQ, East Siang, Arunachal Pradesh, India"
Arunachal Pradesh,ARUNACHAL WEST,"ARUNACHAL WEST, Arunachal Pradesh, India","ARUNACHAL WEST, Arunachal Pradesh",27.2629657,92.4206538,CONSTITUENCY,MEDIUM,resolved,"State Bank of India, Bazar Line, Main Bazar, Hawa Golai, Bomdila, Bomdila HQ, West Kameng, Arunachal Pradesh, India"
Assam,AUTONOMOUS DISTRICT (ST),"AUTONOMOUS DISTRICT, Assam, India","AUTONOMOUS DISTRICT (ST), Assam",27.2306624,94.0893587,CONSTITUENCY,MEDIUM,resolved,"North Lakhimpur College (Autonomous), Old College Road, North Lakhimpur, Lakhimpur, Assam, 787001, India"
Assam,BARPETA,"BARPETA, Assam, India","BARPETA, Assam",26.345941,91.039708,CONSTITUENCY,MEDIUM,resolved,"Barpeta, Assam, India"
Assam,DHUBRI,"DHUBRI, Assam, India","DHUBRI, Assam",26.132275,90.1249962,CONSTITUENCY,MEDIUM,resolved,"Dhubri, Assam, India"
Assam,DIBRUGARH,"DIBRUGARH, Assam, India","DIBRUGARH, Assam",27.4844597,94.9019447,CONSTITUENCY,MEDIUM,resolved,"Dibrugarh, Dibrugarh East, Dibrugarh, Assam, 786001, India"
Assam,Darrang-Udalguri,"Darrang-Udalguri, Assam, India","Darrang-Udalguri, Assam",26.4073841,93.2551303,STATE,LOW,approximate,"Assam, India"
Assam,Diphu (ST),"Diphu, Assam, India","Diphu (ST), Assam",25.8371941,93.4383663,CONSTITUENCY,MEDIUM,resolved,"Diphu, NH329, Thesoajur, Diphu, Karbi Anglong, Assam, 782460, India"
Assam,GUWAHATI,"GUWAHATI, Assam, India","GUWAHATI, Assam",26.1805978,91.753943,CONSTITUENCY,MEDIUM,resolved,"Guwahati, Kamrup Metropolitan, Assam, 781015, India"
Assam,JORHAT,"JORHAT, Assam, India","JORHAT, Assam",26.7577925,94.2079645,CONSTITUENCY,MEDIUM,resolved,"Jorhat, Jorhat East, Jorhat, Assam, 785001, India"
Assam,KALIABOR,"KALIABOR, Assam, India","KALIABOR, Assam",26.5493378,92.9856301,CONSTITUENCY,MEDIUM,resolved,"Kaliabor, Nagaon, Assam, India"
Assam,KARIMGANJ (SC),"KARIMGANJ, Assam, India","KARIMGANJ (SC), Assam",24.5828196,92.3725487,CONSTITUENCY,MEDIUM,resolved,"Karimganj, Assam, India"
Assam,KOKRAJHAR (ST),"KOKRAJHAR, Assam, India","KOKRAJHAR (ST), Assam",26.4912104,90.1215209,CONSTITUENCY,MEDIUM,resolved,"Kokrajhar, Assam, India"
Assam,LAKHIMPUR,"LAKHIMPUR, Assam, India","LAKHIMPUR, Assam",27.1763356,94.1992932,CONSTITUENCY,MEDIUM,resolved,"Lakhimpur, Assam, India"
Assam,MANGALDOI,"MANGALDOI, Assam, India","MANGALDOI, Assam",26.3939266,92.0390088,CONSTITUENCY,MEDIUM,resolved,"Mangaldoi (Pt), Darrang, Assam, India"
Assam,NOWGONG,"NOWGONG, Assam, India","NOWGONG, Assam",26.133333,92.666667,CONSTITUENCY,MEDIUM,resolved,"Nowgong, Nagaon, Assam, 782426, India"
Assam,SILCHAR,"SILCHAR, Assam, India","SILCHAR, Assam",24.830302,92.7875689,CONSTITUENCY,MEDIUM,resolved,"Bhasha Shahid, Tarapur, Silchar, Cachar, Assam, 788014, India"
Assam,Sonitpur,"Sonitpur, Assam, India","Sonitpur, Assam",26.7677707,92.7014089,CONSTITUENCY,MEDIUM,resolved,"Sonitpur, Assam, India"
Assam,TEZPUR,"TEZPUR, Assam, India","TEZPUR, Assam",26.6229928,92.7976082,CONSTITUENCY,MEDIUM,resolved,"Tezpur, Sonitpur, Assam, 784001, India"
Bihar,ARARIA,"ARARIA, Bihar, India","ARARIA, Bihar",26.1346459,87.4654062,CONSTITUENCY,MEDIUM,resolved,"Araria, Araria District, Bihar, 854311, India"
Bihar,ARRAH,"ARRAH, Bihar, India","ARRAH, Bihar",25.560317,84.6632139,CONSTITUENCY,MEDIUM,resolved,"Arrah, Bhojpur, Bihar, 802300, India"
Bihar,AURANGABAD_BR,"AURANGABAD_BR, Bihar, India","AURANGABAD_BR, Bihar",24.7524197,84.3732907,CONSTITUENCY,MEDIUM,resolved,"Central Bank of India, M.G Road, Aurangabad, Bihar, 824123, India"
Bihar,BANKA,"BANKA, Bihar, India","BANKA, Bihar",24.8328273,86.8161114,CONSTITUENCY,MEDIUM,resolved,"Banka, Bihar, India"
Bihar,BEGUSARAI,"BEGUSARAI, Bihar, India","BEGUSARAI, Bihar",25.5125411,86.0883392,CONSTITUENCY,MEDIUM,resolved,"Begusarai, Bihar, India"
Bihar,BHAGALPUR,"BHAGALPUR, Bihar, India","BHAGALPUR, Bihar",25.2861354,87.1304229,CONSTITUENCY,MEDIUM,resolved,"Bhagalpur, Bihar, India"
Bihar,BUXAR,"BUXAR, Bihar, India","BUXAR, Bihar",25.5044834,84.1097525,CONSTITUENCY,MEDIUM,resolved,"Buxar, Bihar, India"
Bihar,DARBHANGA,"DARBHANGA, Bihar, India","DARBHANGA, Bihar",26.0829899,86.0324951,CONSTITUENCY,MEDIUM,resolved,"Darbhanga, Bihar, India"
Bihar,GAYA (SC),"GAYA, Bihar, India","GAYA (SC), Bihar",24.7964355,85.0079563,CONSTITUENCY,MEDIUM,resolved,"Gaya, Gaya Town C.D.Block, Gaya, Bihar, 823001, India"
Bihar,GOPALGANJ (SC),"GOPALGANJ, Bihar, India","GOPALGANJ (SC), Bihar",26.4211166,84.3739133,CONSTITUENCY,MEDIUM,resolved,"Gopalganj, Bihar, India"
Bihar,HAJIPUR(SC),"HAJIPUR, Bihar, India","HAJIPUR(SC), Bihar",25.6905702,85.2090351,CONSTITUENCY,MEDIUM,resolved,"Hajipur, Vaishali, Bihar, 844101, India"
Bihar,JAHANABAD,"JAHANABAD, Bihar, India","JAHANABAD, Bihar",25.2385347,85.0219881,CONSTITUENCY,MEDIUM,resolved,"Jahanabad-Golakpur-Pipra Road, Jehanabad, Kako, Jehanabad, Bihar, 804417, India"
Bihar,JAMUI(SC),"JAMUI, Bihar, India","JAMUI(SC), Bihar",24.7562514,86.3011128,CONSTITUENCY,MEDIUM,resolved,"Jamui, Bihar, India"
Bihar,JHANJHARPUR,"JHANJHARPUR, Bihar, India","JHANJHARPUR, Bihar",26.287153,86.3403925,CONSTITUENCY,MEDIUM,resolved,"Jhanjharpur, Madhubani, Bihar, India"
Bihar,KARAKAT,"KARAKAT, Bihar, India","KARAKAT, Bihar",25.1429246,84.303642,CONSTITUENCY,MEDIUM,resolved,"Karakat, Rohtas, Bihar, 802235, India"
Bihar,KATIHAR,"KATIHAR, Bihar, India","KATIHAR, Bihar",25.5586421,87.6457196,CONSTITUENCY,MEDIUM,resolved,"Katihar, Bihar, India"
Bihar,KHAGARIA,"KHAGARIA, Bihar, India","KHAGARIA, Bihar",25.4930513,86.6982264,CONSTITUENCY,MEDIUM,resolved,"Khagaria, Bihar, India"
Bihar,KISHANGANJ,"KISHANGANJ, Bihar, India","KISHANGANJ, Bihar",26.2984144,87.9466715,CONSTITUENCY,MEDIUM,resolved,"Kishanganj, Bihar, India"
Bihar,MADHEPURA,"MADHEPURA, Bihar, India","MADHEPURA, Bihar",25.7806118,86.9364753,CONSTITUENCY,MEDIUM,resolved,"Madhepura, Bihar, India"
Bihar,MADHUBANI,"MADHUBANI, Bihar, India","MADHUBANI, Bihar",26.3503076,86.2296424,CONSTITUENCY,MEDIUM,resolved,"Madhubani, Bihar, India"
Bihar,MAHARAJGANJ_BR,"MAHARAJGANJ_BR, Bihar, India","MAHARAJGANJ_BR, Bihar",26.111809,84.5116999,CONSTITUENCY,MEDIUM,resolved,"STATE BANK OF INDIA, MDR, Maharajganj, Siwan, Bihar, 841238, India"
Bihar,MUNGER,"MUNGER, Bihar, India","MUNGER, Bihar",25.2202864,86.5161484,CONSTITUENCY,MEDIUM,resolved,"Munger, Bihar, India"
Bihar,MUZAFFARPUR,"MUZAFFARPUR, Bihar, India","MUZAFFARPUR, Bihar",26.1482548,85.3316097,CONSTITUENCY,MEDIUM,resolved,"Muzaffarpur, Bihar, India"
Bihar,NALANDA,"NALANDA, Bihar, India","NALANDA, Bihar",25.1364914,85.4436546,CONSTITUENCY,MEDIUM,resolved,"Nalanda, Kapatia, Silao, Nalanda, Bihar, 803111, India"
Bihar,NAWADA,"NAWADA, Bihar, India","NAWADA, Bihar",24.8173249,85.5179085,CONSTITUENCY,MEDIUM,resolved,"Nawada, Bihar, India"
Bihar,PASCHIM CHAMPARAN,"PASCHIM CHAMPARAN, Bihar, India","PASCHIM CHAMPARAN, Bihar",27.0518367,84.3351209,CONSTITUENCY,MEDIUM,resolved,"West Champaran, Bihar, India"
Bihar,PATNA SAHIB,"PATNA SAHIB, Bihar, India","PATNA SAHIB, Bihar",25.5859403,85.2306381,CONSTITUENCY,MEDIUM,resolved,"Patna Sahib, Patna City marufganj road, Patna, Patna Rural, Patna, Bihar, 800007, India"
Bihar,PURNEA,"PURNEA, Bihar, India","PURNEA, Bihar",25.7773601,87.4731227,CONSTITUENCY,MEDIUM,resolved,"Purnia, Purnia East, Purnia, Bihar, 854301, India"
Bihar,PURVI CHAMPARAN,"PURVI CHAMPARAN, Bihar, India","PURVI CHAMPARAN, Bihar",25.6440845,85.906508,STATE,LOW,approximate,"Bihar, India"
Bihar,SAMASTIPUR(SC),"SAMASTIPUR, Bihar, India","SAMASTIPUR(SC), Bihar",25.7747885,85.8672314,CONSTITUENCY,MEDIUM,resolved,"Samastipur, Bihar, India"
Bihar,SARAN,"SARAN, Bihar, India","SARAN, Bihar",25.9214451,84.7759731,CONSTITUENCY,MEDIUM,resolved,"Saran, Bihar, India"
Bihar,SASARAM(SC),"SASARAM, Bihar, India","SASARAM(SC), Bihar",24.9509656,84.0148733,CONSTITUENCY,MEDIUM,resolved,"Sasaram, Rohtas, Bihar, 821115, India"
Bihar,SHEOHAR,"SHEOHAR, Bihar, India","SHEOHAR, Bihar",26.4934234,85.2717561,CONSTITUENCY,MEDIUM,resolved,"Sheohar, Bihar, 843329, India"
Bihar,SITAMARHI,"SITAMARHI, Bihar, India","SITAMARHI, Bihar",26.5942841,85.500428,CONSTITUENCY,MEDIUM,resolved,"Sitamarhi, Dumra, Sitamarhi, Bihar, 843300, India"
Bihar,SIWAN,"SIWAN, Bihar, India","SIWAN, Bihar",26.131008,84.3910745,CONSTITUENCY,MEDIUM,resolved,"Siwan, Bihar, India"
Bihar,SUPAUL,"SUPAUL, Bihar, India","SUPAUL, Bihar",26.2768089,86.7959614,CONSTITUENCY,MEDIUM,resolved,"Supaul, Bihar, India"
Bihar,UJJARPUR,"UJJARPUR, Bihar, India","UJJARPUR, Bihar",25.6440845,85.906508,STATE,LOW,approximate,"Bihar, India"
Bihar,VAISHALI,"VAISHALI, Bihar, India","VAISHALI, Bihar",25.7491703,85.3972164,CONSTITUENCY,MEDIUM,resolved,"Vaishali, Bihar, India"
Bihar,VALMIKI NAGAR,"VALMIKI NAGAR, Bihar, India","VALMIKI NAGAR, Bihar",27.4313365,83.9217315,CONSTITUENCY,MEDIUM,resolved,"Valmiki Nagar, Gol Chowk, Valmikinagar, Sidhaw, West Champaran, Bihar, India"
Chandigarh,CHANDIGARH,"CHANDIGARH, Chandigarh, India","CHANDIGARH, Chandigarh",30.7334421,76.7797143,CONSTITUENCY,MEDIUM,resolved,"Chandigarh, 160018, India"
Chhattisgarh,BASTAR(ST),"BASTAR, Chhattisgarh, India","BASTAR(ST), Chhattisgarh",19.1191283,81.8291865,CONSTITUENCY,MEDIUM,resolved,"Bastar, Chhattisgarh, India"
Chhattisgarh,BILASPUR,"BILASPUR, Chhattisgarh, India","BILASPUR, Chhattisgarh",22.1638486,82.1365923,CONSTITUENCY,MEDIUM,resolved,"Bilaspur, Chhattisgarh, India"
Chhattisgarh,DURG,"DURG, Chhattisgarh, India","DURG, Chhattisgarh",21.1982964,81.4007922,CONSTITUENCY,MEDIUM,resolved,"Durg, Chhattisgarh, India"
Chhattisgarh,JANJGIR CHAMPA(SC),"JANJGIR CHAMPA, Chhattisgarh, India","JANJGIR CHAMPA(SC), Chhattisgarh",21.986403,82.5536606,CONSTITUENCY,MEDIUM,resolved,"Janjgir-Champa, Chhattisgarh, India"
Chhattisgarh,KANKER(ST),"KANKER, Chhattisgarh, India","KANKER(ST), Chhattisgarh",20.2692747,81.4932111,CONSTITUENCY,MEDIUM,resolved,"Kanker, Kanker Tahsil, Uttar Bastar Kanker, Chhattisgarh, 494334, India"
Chhattisgarh,KORBA,"KORBA, Chhattisgarh, India","KORBA, Chhattisgarh",22.5198217,82.6350029,CONSTITUENCY,MEDIUM,resolved,"Korba, Chhattisgarh, India"
Chhattisgarh,MAHASAMUND,"MAHASAMUND, Chhattisgarh, India","MAHASAMUND, Chhattisgarh",21.1922846,82.4890263,CONSTITUENCY,MEDIUM,resolved,"Mahasamund, Chhattisgarh, India"
Chhattisgarh,RAIGARH(ST),"RAIGARH, Chhattisgarh, India","RAIGARH(ST), Chhattisgarh",22.2361795,83.3529534,CONSTITUENCY,MEDIUM,resolved,"Raigarh, Chhattisgarh, India"
Chhattisgarh,RAIPUR,"RAIPUR, Chhattisgarh, India","RAIPUR, Chhattisgarh",21.2380912,81.6336993,CONSTITUENCY,MEDIUM,resolved,"Raipur, Raipur Tahsil, Raipur, Chhattisgarh, 493332, India"
Chhattisgarh,RAJNANDGAON,"RAJNANDGAON, Chhattisgarh, India","RAJNANDGAON, Chhattisgarh",21.0684425,80.7970779,CONSTITUENCY,MEDIUM,resolved,"Rajnandgaon, Chhattisgarh, India"
Chhattisgarh,SARGUJA(ST),"SARGUJA, Chhattisgarh, India","SARGUJA(ST), Chhattisgarh",21.6637359,81.8406351,STATE,LOW,approximate,"Chhattisgarh, India"
Delhi,CHANDINI CHOWK,"CHANDINI CHOWK, Delhi, India","CHANDINI CHOWK, Delhi",28.6664535,77.2169781,STATE,LOW,approximate,"Delhi, Old Delhi, Delhi, India"
Delhi,EAST DELHI,"EAST DELHI, Delhi, India","EAST DELHI, Delhi",28.6252148,77.2960034,CONSTITUENCY,MEDIUM,resolved,"East Delhi, Delhi, India"
Delhi,NEW DELHI,"NEW DELHI, Delhi, India","NEW DELHI, Delhi",28.6138954,77.2090057,CONSTITUENCY,MEDIUM,resolved,"New Delhi, Delhi, India"
Delhi,NORTH EAST DELHI,"NORTH EAST DELHI, Delhi, India","NORTH EAST DELHI, Delhi",28.7185203,77.2645076,CONSTITUENCY,MEDIUM,resolved,"North East Delhi, Delhi, India"
Delhi,NORTH WEST DELHI(SC),"NORTH WEST DELHI, Delhi, India","NORTH WEST DELHI(SC), Delhi",28.7063083,77.1087892,CONSTITUENCY,MEDIUM,resolved,"North West Delhi, Delhi, India"
Delhi,SOUTH DELHI,"SOUTH DELHI, Delhi, India","SOUTH DELHI, Delhi",28.4992605,77.1743624,CONSTITUENCY,MEDIUM,resolved,"South Delhi, Delhi, India"
Delhi,WEST DELHI,"WEST DELHI, Delhi, India","WEST DELHI, Delhi",28.6409705,77.0949778,CONSTITUENCY,MEDIUM,resolved,"West Delhi, Delhi, India"
Goa,NORTH GOA,"NORTH GOA, Goa, India","NORTH GOA, Goa",15.6038925,73.9967006,CONSTITUENCY,MEDIUM,resolved,"North Goa, Goa, India"
Goa,SOUTH GOA,"SOUTH GOA, Goa, India","SOUTH GOA, Goa",15.3376121,73.9937035,CONSTITUENCY,MEDIUM,resolved,"South Goa, Goa, India"
Gujarat,AHMEDABAD EAST,"AHMEDABAD EAST, Gujarat, India","AHMEDABAD EAST, Gujarat",22.9947147,72.6119833,CONSTITUENCY,MEDIUM,resolved,"Kamal Hospital, Ahmedabad, BRTS Station, Dalal Colony, Maninagar East, Maninagar Taluka, Ahmedabad, Gujarat, 380008, India"
Gujarat,AHMEDABAD WEST(SC),"AHMEDABAD WEST, Gujarat, India","AHMEDABAD WEST(SC), Gujarat",22.3850051,71.745261,STATE,LOW,approximate,"Gujarat, India"
Gujarat,AMRELI,"AMRELI, Gujarat, India","AMRELI, Gujarat",21.4176122,71.249609,CONSTITUENCY,MEDIUM,resolved,"Amreli, Gujarat, India"
Gujarat,ANAND,"ANAND, Gujarat, India","ANAND, Gujarat",22.4739858,72.7361779,CONSTITUENCY,MEDIUM,resolved,"Anand, Gujarat, India"
Gujarat,BANASKANTHA,"BANASKANTHA, Gujarat, India","BANASKANTHA, Gujarat",24.2693869,72.5367513,CONSTITUENCY,MEDIUM,resolved,"Banaskantha, Gujarat, India"
Gujarat,BARDOLI(ST),"BARDOLI, Gujarat, India","BARDOLI(ST), Gujarat",21.1338291,73.1053896,CONSTITUENCY,MEDIUM,resolved,"Bardoli, SH165, Bardoli, Bardoli Taluka, Surat, Gujarat, 394600, India"
Gujarat,BHARUCH,"BHARUCH, Gujarat, India","BHARUCH, Gujarat",21.7080427,72.9956936,CONSTITUENCY,MEDIUM,resolved,"Bharuch, Bharuch Taluka, Bharuch, Gujarat, India"
Gujarat,BHAVNAGAR,"BHAVNAGAR, Gujarat, India","BHAVNAGAR, Gujarat",21.7718836,72.1416449,CONSTITUENCY,MEDIUM,resolved,"Bhavnagar, Bhavnagar Taluka, Bhavnagar, Gujarat, 364001, India"
Gujarat,CHHOTA UDAIPUR(ST),"CHHOTA UDAIPUR, Gujarat, India","CHHOTA UDAIPUR(ST), Gujarat",22.2224345,73.7778749,CONSTITUENCY,MEDIUM,resolved,"Chhota Udaipur, Gujarat, India"
Gujarat,DAHOD(ST),"DAHOD, Gujarat, India","DAHOD(ST), Gujarat",22.9194099,74.1342725,CONSTITUENCY,MEDIUM,resolved,"Dahod, Gujarat, India"
Gujarat,GANDHINAGAR,"GANDHINAGAR, Gujarat, India","GANDHINAGAR, Gujarat",23.2232877,72.6492267,CONSTITUENCY,MEDIUM,resolved,"Gandhinagar, Gandhinagar Taluka, Gandhinagar, Gujarat, India"
Gujarat,JAMNAGAR,"JAMNAGAR, Gujarat, India","JAMNAGAR, Gujarat",22.4732415,70.0552102,CONSTITUENCY,MEDIUM,resolved,"Jamnagar, Jamnagar City Taluka, Jamnagar, Gujarat, 361001, India"
Gujarat,JUNAGADH,"JUNAGADH, Gujarat, India","JUNAGADH, Gujarat",21.5220416,70.4582458,CONSTITUENCY,MEDIUM,resolved,"Junagadh, Junagadh City Taluka, Junagadh, Gujarat, 362015, India"
Gujarat,KACHCHH(SC),"KACHCHH, Gujarat, India","KACHCHH(SC), Gujarat",23.583333,70.0,CONSTITUENCY,MEDIUM,resolved,"Kutch, Gujarat, India"
Gujarat,KHEDA,"KHEDA, Gujarat, India","KHEDA, Gujarat",22.8532503,72.9953586,CONSTITUENCY,MEDIUM,resolved,"Kheda, Gujarat, India"
Gujarat,MAHESANA,"MAHESANA, Gujarat, India","MAHESANA, Gujarat",23.6015557,72.3867981,CONSTITUENCY,MEDIUM,resolved,"Mahesana, Mahesana Taluka, Mahesana, Gujarat, 384001, India"
Gujarat,NAVSARI,"NAVSARI, Gujarat, India","NAVSARI, Gujarat",20.952407,72.9323831,CONSTITUENCY,MEDIUM,resolved,"Navsari, Navsari Taluka, Navsari, Gujarat, 396400, India"
Gujarat,PANCHMAHAL,"PANCHMAHAL, Gujarat, India","PANCHMAHAL, Gujarat",22.6978099,73.5980682,CONSTITUENCY,MEDIUM,resolved,"Panchmahal, Gujarat, India"
Gujarat,PATAN,"PATAN, Gujarat, India","PATAN, Gujarat",23.773753,71.6798581,CONSTITUENCY,MEDIUM,resolved,"Patan, Gujarat, India"
Gujarat,PORBANDAR,"PORBANDAR, Gujarat, India","PORBANDAR, Gujarat",21.6505229,69.6565371,CONSTITUENCY,MEDIUM,resolved,"Porbandar, Terminal Road, Ranavav Taluka, Porbandar, Gujarat, 360578, India"
Gujarat,RAJKOT,"RAJKOT, Gujarat, India","RAJKOT, Gujarat",22.3053263,70.8028377,CONSTITUENCY,MEDIUM,resolved,"Rajkot, Rajkot East Taluka, Rajkot, Gujarat, 360001, India"
Gujarat,SABARKANTHA,"SABARKANTHA, Gujarat, India","SABARKANTHA, Gujarat",23.8688505,73.013784,CONSTITUENCY,MEDIUM,resolved,"Sabarkantha, Gujarat, India"
Gujarat,SURAT,"SURAT, Gujarat, India","SURAT, Gujarat",21.2094892,72.8317058,CONSTITUENCY,MEDIUM,resolved,"Surat, Katargam Taluka, Surat, Gujarat, 395008, India"
Gujarat,SURENDRANAGAR,"SURENDRANAGAR, Gujarat, India","SURENDRANAGAR, Gujarat",22.8251395,71.6209736,CONSTITUENCY,MEDIUM,resolved,"Surendranagar, Gujarat, India"
Gujarat,VADODARA,"VADODARA, Gujarat, India","VADODARA, Gujarat",22.2973142,73.1942567,CONSTITUENCY,MEDIUM,resolved,"Vadodara, Vadodara Rural Taluka, Vadodara, Gujarat, 390001, India"
Gujarat,VALSAD(ST),"VALSAD, Gujarat, India","VALSAD(ST), Gujarat",20.4321957,73.1409893,CONSTITUENCY,MEDIUM,resolved,"Valsad, Gujarat, India"
Haryana,AMBALA (SC),"AMBALA, Haryana, India","AMBALA (SC), Haryana",30.3843674,76.770421,CONSTITUENCY,MEDIUM,resolved,"Ambala, Ambala Cantt, Ambala, Haryana, 134002, India"
Haryana,BHIWANI MAHENDRAGARH,"BHIWANI MAHENDRAGARH, Haryana, India","BHIWANI MAHENDRAGARH, Haryana",29.0,76.0,STATE,LOW,approximate,"Haryana, India"
Haryana,FARIDABAD,"FARIDABAD, Haryana, India","FARIDABAD, Haryana",28.4031478,77.3105561,CONSTITUENCY,MEDIUM,resolved,"Faridabad, Haryana, 121001, India"
Haryana,GURGAON,"GURGAON, Haryana, India","GURGAON, Haryana",28.4646148,77.0299194,CONSTITUENCY,MEDIUM,resolved,"Gurugram, Haryana, India"
Haryana,HISAR,"HISAR, Haryana, India","HISAR, Haryana",29.2396596,75.8174505,CONSTITUENCY,MEDIUM,resolved,"Hisar, Haryana, India"
Haryana,KARNAL,"KARNAL, Haryana, India","KARNAL, Haryana",29.7255766,76.9106924,CONSTITUENCY,MEDIUM,resolved,"Karnal, Haryana, India"
Haryana,KURUKSHETRA,"KURUKSHETRA, Haryana, India","KURUKSHETRA, Haryana",29.9693747,76.8482787,CONSTITUENCY,MEDIUM,resolved,"Kurukshetra, Thanesar, Kurukshetra, Haryana, 132118, India"
Haryana,ROHTAK,"ROHTAK, Haryana, India","ROHTAK, Haryana",28.9010899,76.5801935,CONSTITUENCY,MEDIUM,resolved,"Rohtak, Haryana, 124001, India"
Haryana,SIRSA(SC),"SIRSA, Haryana, India","SIRSA(SC), Haryana",29.6063041,74.9036568,CONSTITUENCY,MEDIUM,resolved,"Sirsa, Haryana, India"
Haryana,SONEPAT,"SONEPAT, Haryana, India","SONEPAT, Haryana",28.9895406,77.1510394,CONSTITUENCY,MEDIUM,resolved,"IIIT Sonepat, Sonipat-Baghpat Road, Khewra, Sonipat, Haryana, India"
Himachal Pradesh,HAMIRPUR_HP,"HAMIRPUR_HP, Himachal Pradesh, India","HAMIRPUR_HP, Himachal Pradesh",31.7096767,76.5273594,CONSTITUENCY,MEDIUM,resolved,"State Bank of India, Roads inside campus, Anu, Hamirpur, Himachal Pradesh, 177001, India"
Himachal Pradesh,KANGRA,"KANGRA, Himachal Pradesh, India","KANGRA, Himachal Pradesh",32.0768665,76.2985872,CONSTITUENCY,MEDIUM,resolved,"Kangra, Himachal Pradesh, India"
Himachal Pradesh,MANDI,"MANDI, Himachal Pradesh, India","MANDI, Himachal Pradesh",31.6516617,77.0092542,CONSTITUENCY,MEDIUM,resolved,"Mandi, Himachal Pradesh, India"
Himachal Pradesh,SHIMLA (SC),"SHIMLA, Himachal Pradesh, India","SHIMLA (SC), Himachal Pradesh",31.1040393,77.1707923,CONSTITUENCY,MEDIUM,resolved,"Shimla, Shimla (urban), Shimla, Himachal Pradesh, 171001, India"
Jammu And Kashmir,ANANTNAG,"ANANTNAG, Jammu And Kashmir, India","ANANTNAG, Jammu And Kashmir",33.74611,75.1854475,CONSTITUENCY,MEDIUM,resolved,"Anantnag, Jammu and Kashmir, India"
Jammu And Kashmir,BARAMULLAH,"BARAMULLAH, Jammu And Kashmir, India","BARAMULLAH, Jammu And Kashmir",33.6649297,75.1629584,STATE,LOW,approximate,"Jammu and Kashmir, India"
Jammu And Kashmir,JAMMU,"JAMMU, Jammu And Kashmir, India","JAMMU, Jammu And Kashmir",32.7185614,74.8580917,CONSTITUENCY,MEDIUM,resolved,"Jammu, Jammu district, Jammu and Kashmir, 180001, India"
Jammu And Kashmir,SRINAGAR,"SRINAGAR, Jammu And Kashmir, India","SRINAGAR, Jammu And Kashmir",34.0747444,74.8204443,CONSTITUENCY,MEDIUM,resolved,"Srinagar, Srinagar (South), Srinagar, Jammu and Kashmir, 190001, India"
Jammu And Kashmir,UDHAMPUR,"UDHAMPUR, Jammu And Kashmir, India","UDHAMPUR, Jammu And Kashmir",32.9219726,75.1331482,CONSTITUENCY,MEDIUM,resolved,"Udhampur, Udhampur district, Jammu and Kashmir, 182101, India"
Jharkhand,CHATRA,"CHATRA, Jharkhand, India","CHATRA, Jharkhand",24.1062316,84.8623379,CONSTITUENCY,MEDIUM,resolved,"Chatra, Jharkhand, India"
Jharkhand,DHANBAD,"DHANBAD, Jharkhand, India","DHANBAD, Jharkhand",23.7952809,86.4309638,CONSTITUENCY,MEDIUM,resolved,"Dhanbad, Dhanbad-Cum-Kenduadih-Cum-Jagata, Dhanbad, Jharkhand, 826001, India"
Jharkhand,DUMKA(ST),"DUMKA, Jharkhand, India","DUMKA(ST), Jharkhand",24.2677937,87.2485495,CONSTITUENCY,MEDIUM,resolved,"Dumka, Sun Shine Gali, Dumka, Jharkhand, 814101, India"
Jharkhand,GIRIDIH,"GIRIDIH, Jharkhand, India","GIRIDIH, Jharkhand",24.3314546,86.1548117,CONSTITUENCY,MEDIUM,resolved,"Giridih, Jharkhand, India"
Jharkhand,HAZARIBAGH,"HAZARIBAGH, Jharkhand, India","HAZARIBAGH, Jharkhand",24.0866962,85.4912231,CONSTITUENCY,MEDIUM,resolved,"Hazaribagh, Jharkhand, India"
Jharkhand,JAMSHEDPUR,"JAMSHEDPUR, Jharkhand, India","JAMSHEDPUR, Jharkhand",22.8015194,86.2029579,CONSTITUENCY,MEDIUM,resolved,"Jamshedpur, Golmuri-Cum-Jugsalai, East Singhbhum, Jharkhand, 831001, India"
Jharkhand,KHUNTI(ST),"KHUNTI, Jharkhand, India","KHUNTI(ST), Jharkhand",22.9281801,85.2814475,CONSTITUENCY,MEDIUM,resolved,"Khunti, Jharkhand, India"
Jharkhand,KODARMA,"KODARMA, Jharkhand, India","KODARMA, Jharkhand",24.5423802,85.69301,CONSTITUENCY,MEDIUM,resolved,"Kodarma, Jharkhand, India"
Jharkhand,LOHARDAGA(ST),"LOHARDAGA, Jharkhand, India","LOHARDAGA(ST), Jharkhand",23.4770044,84.6986684,CONSTITUENCY,MEDIUM,resolved,"Lohardaga, Jharkhand, India"
Jharkhand,PALAMU(SC),"PALAMU, Jharkhand, India","PALAMU(SC), Jharkhand",24.2212983,84.1725565,CONSTITUENCY,MEDIUM,resolved,"Palamu, Jharkhand, India"
Jharkhand,RAJMAHAL (ST),"RAJMAHAL, Jharkhand, India","RAJMAHAL (ST), Jharkhand",25.053055,87.8304516,CONSTITUENCY,MEDIUM,resolved,"Rajmahal, Sahibganj, Jharkhand, 816108, India"
Jharkhand,RANCHI,"RANCHI, Jharkhand, India","RANCHI, Jharkhand",23.3700501,85.3250387,CONSTITUENCY,MEDIUM,resolved,"Ranchi, Kanke, Ranchi, Jharkhand, 834001, India"
Jharkhand,SINGHBHUM (ST),"SINGHBHUM, Jharkhand, India","SINGHBHUM (ST), Jharkhand",22.5,85.5,CONSTITUENCY,MEDIUM,resolved,"Singhbhūm, West Singhbhum, Jharkhand, India"
Karnataka,BAGALKOT,"BAGALKOT, Karnataka, India","BAGALKOT, Karnataka",16.1793224,75.6999315,CONSTITUENCY,MEDIUM,resolved,"Bagalkot, Station Road, Bagalkote, Bagalakote taluk, Bagalkote, Karnataka, 587103, India"
Karnataka,BANGALORE CENTRAL,"BANGALORE CENTRAL, Karnataka, India","BANGALORE CENTRAL, Karnataka",12.9730088,77.5804711,CONSTITUENCY,MEDIUM,resolved,"State Bank of India, Kempegowda Road, Balepet, Chikkapete, Chickpete, Bengaluru Central City Corporation, Bengaluru, Bangalore North, Bengaluru Urban, Karnataka, 560009, India"
Karnataka,BANGALORE NORTH,"BANGALORE NORTH, Karnataka, India","BANGALORE NORTH, Karnataka",13.0414947,77.4623119,CONSTITUENCY,MEDIUM,resolved,"Bangalore North, Bengaluru Urban, Karnataka, India"
Karnataka,BANGALORE RURAL,"BANGALORE RURAL, Karnataka, India","BANGALORE RURAL, Karnataka",13.0010872,77.3361225,CONSTITUENCY,MEDIUM,resolved,"Bangalore Rural, Bengaluru North, Karnataka, 562130, India"
Karnataka,BANGALORE SOUTH,"BANGALORE SOUTH, Karnataka, India","BANGALORE SOUTH, Karnataka",12.8641071,77.5544164,CONSTITUENCY,MEDIUM,resolved,"Bangalore South, Bengaluru Urban, Karnataka, India"
Karnataka,BELGAUM,"BELGAUM, Karnataka, India","BELGAUM, Karnataka",15.8572666,74.5069343,CONSTITUENCY,MEDIUM,resolved,"Belagavi, Belagavi taluku, Belagavi, Karnataka, 590001, India"
Karnataka,BELLARY(ST),"BELLARY, Karnataka, India","BELLARY(ST), Karnataka",15.1430224,76.9173277,CONSTITUENCY,MEDIUM,resolved,"Ballari, Bellary taluk, Ballari, Karnataka, 583101, India"
Karnataka,BIDAR,"BIDAR, Karnataka, India","BIDAR, Karnataka",18.0207297,77.2487204,CONSTITUENCY,MEDIUM,resolved,"Bidar, Karnataka, India"
Karnataka,BIJAPUR(SC),"BIJAPUR, Karnataka, India","BIJAPUR(SC), Karnataka",16.8269911,75.7175387,CONSTITUENCY,MEDIUM,resolved,"Vijayapura, Bijapur Taluk, Vijayapura, Karnataka, 586101, India"
Karnataka,CHAMARAJANAGAR(SC),"CHAMARAJANAGAR, Karnataka, India","CHAMARAJANAGAR(SC), Karnataka",11.9544201,77.1069086,CONSTITUENCY,MEDIUM,resolved,"Chamarajanagar, Karnataka, India"
Karnataka,CHIKBALLAPUR,"CHIKBALLAPUR, Karnataka, India","CHIKBALLAPUR, Karnataka",13.4274222,77.7323072,CONSTITUENCY,MEDIUM,resolved,"Chikballapur, Bellary Road, Chikkaballapura, Chikkaballapura taluk, Chikkaballapura, Karnataka, 562103, India"
Karnataka,CHIKKODI,"CHIKKODI, Karnataka, India","CHIKKODI, Karnataka",16.4265276,74.5861323,CONSTITUENCY,MEDIUM,resolved,"Chikkodi, Chikodi taluk, Belagavi, Karnataka, 591200, India"
Karnataka,CHITRADURGA(SC),"CHITRADURGA, Karnataka, India","CHITRADURGA(SC), Karnataka",14.3049174,76.5296667,CONSTITUENCY,MEDIUM,resolved,"Chitradurga, Karnataka, India"
Karnataka,DAKSHINA KANNADA,"DAKSHINA KANNADA, Karnataka, India","DAKSHINA KANNADA, Karnataka",12.8226434,75.2265036,CONSTITUENCY,MEDIUM,resolved,"Dakshina Kannada, Karnataka, India"
Karnataka,DAVANAGERE,"DAVANAGERE, Karnataka, India","DAVANAGERE, Karnataka",14.2558835,75.8303421,CONSTITUENCY,MEDIUM,resolved,"Davanagere, Karnataka, India"
Karnataka,DHARWAD,"DHARWAD, Karnataka, India","DHARWAD, Karnataka",15.3707296,75.1332867,CONSTITUENCY,MEDIUM,resolved,"Dharwad, Karnataka, India"
Karnataka,GULBARGA (SC),"GULBARGA, Karnataka, India","GULBARGA (SC), Karnataka",17.3310003,76.8334228,CONSTITUENCY,MEDIUM,resolved,"Kalaburagi, Kalaburagi taluku, Kalaburagi, Karnataka, 585101, India"
Karnataka,HASSAN,"HASSAN, Karnataka, India","HASSAN, Karnataka",13.0301852,76.1744968,CONSTITUENCY,MEDIUM,resolved,"Hassan, Karnataka, India"
Karnataka,HAVERI,"HAVERI, Karnataka, India","HAVERI, Karnataka",14.7180268,75.3656423,CONSTITUENCY,MEDIUM,resolved,"Haveri, Karnataka, India"
Karnataka,KOLAR(SC),"KOLAR, Karnataka, India","KOLAR(SC), Karnataka",13.1805066,78.2669329,CONSTITUENCY,MEDIUM,resolved,"Kolar, Karnataka, India"
Karnataka,KOPPAL,"KOPPAL, Karnataka, India","KOPPAL, Karnataka",15.5748238,76.3118494,CONSTITUENCY,MEDIUM,resolved,"Koppal, Karnataka, India"
Karnataka,MANDYA,"MANDYA, Karnataka, India","MANDYA, Karnataka",12.6368939,76.7275477,CONSTITUENCY,MEDIUM,resolved,"Mandya, Karnataka, India"
Karnataka,MYSORE,"MYSORE, Karnataka, India","MYSORE, Karnataka",12.3051828,76.6553609,CONSTITUENCY,MEDIUM,resolved,"Mysuru, Mysuru taluk, Mysuru District, Karnataka, 570001, India"
Karnataka,RAICHUR(ST),"RAICHUR, Karnataka, India","RAICHUR(ST), Karnataka",16.0547194,76.9003647,CONSTITUENCY,MEDIUM,resolved,"Raichur, Karnataka, India"
Karnataka,SHIMOGA,"SHIMOGA, Karnataka, India","SHIMOGA, Karnataka",14.0556503,75.2380553,CONSTITUENCY,MEDIUM,resolved,"Shimoga, Karnataka, India"
Karnataka,TUMKUR,"TUMKUR, Karnataka, India","TUMKUR, Karnataka",13.3400771,77.1006208,CONSTITUENCY,MEDIUM,resolved,"Tumakuru, Tumkur taluk, Tumakuru, Karnataka, 572101, India"
Karnataka,UDUPI CHIKMAGALUR,"UDUPI CHIKMAGALUR, Karnataka, India","UDUPI CHIKMAGALUR, Karnataka",14.9562045,75.7896741,STATE,LOW,approximate,"Karnataka, India"
Karnataka,UTTARA KANNADA,"UTTARA KANNADA, Karnataka, India","UTTARA KANNADA, Karnataka",14.7253795,74.6403389,CONSTITUENCY,MEDIUM,resolved,"Uttara Kannada, Karnataka, India"
Kerala,ALAPPUZHA,"ALAPPUZHA, Kerala, India","ALAPPUZHA, Kerala",9.5003416,76.4123364,CONSTITUENCY,MEDIUM,resolved,"Alappuzha, Kerala, India"
Kerala,ALATHUR(SC),"ALATHUR, Kerala, India","ALATHUR(SC), Kerala",10.6458971,76.5436079,CONSTITUENCY,MEDIUM,resolved,"Alathur, Palakkad, Kerala, 678541, India"
Kerala,ATTINGAL,"ATTINGAL, Kerala, India","ATTINGAL, Kerala",8.6985965,76.8134401,CONSTITUENCY,MEDIUM,resolved,"Attingal, Chirayinkeezhu, Thiruvananthapuram, Kerala, 695100, India"
Kerala,CHALAKUDY,"CHALAKUDY, Kerala, India","CHALAKUDY, Kerala",10.3041869,76.3371037,CONSTITUENCY,MEDIUM,resolved,"Chalakudy, Chalakkudy, Thrissur, Kerala, 680307, India"
Kerala,ERNAKULAM,"ERNAKULAM, Kerala, India","ERNAKULAM, Kerala",9.9837257,76.2740001,CONSTITUENCY,MEDIUM,resolved,"Ernakulam, Kanayannur, Ernakulam, Kerala, 682035, India"
Kerala,IDUKKI,"IDUKKI, Kerala, India","IDUKKI, Kerala",9.8154785,76.9991599,CONSTITUENCY,MEDIUM,resolved,"Idukki, Kerala, India"
Kerala,KANNUR,"KANNUR, Kerala, India","KANNUR, Kerala",11.8763836,75.3737973,CONSTITUENCY,MEDIUM,resolved,"Kannur, Kerala, 670004, India"
Kerala,KASARAGOD,"KASARAGOD, Kerala, India","KASARAGOD, Kerala",12.4221964,75.1904446,CONSTITUENCY,MEDIUM,resolved,"Kasaragod, Kerala, India"
Kerala,KOLLAM,"KOLLAM, Kerala, India","KOLLAM, Kerala",8.8870533,76.5906696,CONSTITUENCY,MEDIUM,resolved,"Kollam, Kerala, 691001, India"
Kerala,KOTTAYAM,"KOTTAYAM, Kerala, India","KOTTAYAM, Kerala",9.6287383,76.6455326,CONSTITUENCY,MEDIUM,resolved,"Kottayam, Kerala, India"
Kerala,KOZHIKODE,"KOZHIKODE, Kerala, India","KOZHIKODE, Kerala",11.2450558,75.7754716,CONSTITUENCY,MEDIUM,resolved,"Kozhikode, Kerala, 673001, India"
Kerala,MALAPPURAM,"MALAPPURAM, Kerala, India","MALAPPURAM, Kerala",11.1065685,76.1101742,CONSTITUENCY,MEDIUM,resolved,"Malappuram, Kerala, India"
Kerala,MAVELIKKARA(SC),"MAVELIKKARA, Kerala, India","MAVELIKKARA(SC), Kerala",9.2504893,76.5402433,CONSTITUENCY,MEDIUM,resolved,"Mavelikkara, Alappuzha, Kerala, 690101, India"
Kerala,PALAKKAD,"PALAKKAD, Kerala, India","PALAKKAD, Kerala",10.7873692,76.4742172,CONSTITUENCY,MEDIUM,resolved,"Palakkad, Kerala, India"
Kerala,PATHANAMTHITTA,"PATHANAMTHITTA, Kerala, India","PATHANAMTHITTA, Kerala",9.2780841,76.9737443,CONSTITUENCY,MEDIUM,resolved,"Pathanamthitta, Kerala, India"
Kerala,PONNANI,"PONNANI, Kerala, India","PONNANI, Kerala",10.7800691,75.9189338,CONSTITUENCY,MEDIUM,resolved,"Ponnani, Malappuram, Kerala, 679577, India"
Kerala,THIRUVANANTHAPURAM,"THIRUVANANTHAPURAM, Kerala, India","THIRUVANANTHAPURAM, Kerala",8.4882267,76.947551,CONSTITUENCY,MEDIUM,resolved,"Thiruvananthapuram, Kerala, 695001, India"
Kerala,THRISSUR,"THRISSUR, Kerala, India","THRISSUR, Kerala",10.5270099,76.214621,CONSTITUENCY,MEDIUM,resolved,"Thrissur, Kerala, 680001, India"
Kerala,VADAKARA,"VADAKARA, Kerala, India","VADAKARA, Kerala",11.593818,75.5872715,CONSTITUENCY,MEDIUM,resolved,"Vadakara, Railway Station Road, Vadakara, Kozhikode, Kerala, 670109, India"
Kerala,WAYANAD,"WAYANAD, Kerala, India","WAYANAD, Kerala",11.7151291,76.1271185,CONSTITUENCY,MEDIUM,resolved,"Wayanad, Kerala, India"
Lakshadweep,LAKSHADWEEP(ST),"LAKSHADWEEP, Lakshadweep, India","LAKSHADWEEP(ST), Lakshadweep",10.8132489,73.6804621,CONSTITUENCY,MEDIUM,resolved,"Lakshadweep, India"
Madhya Pradesh,BALAGHAT,"BALAGHAT, Madhya Pradesh, India","BALAGHAT, Madhya Pradesh",21.8611589,80.3237105,CONSTITUENCY,MEDIUM,resolved,"Balaghat, Madhya Pradesh, India"
Madhya Pradesh,BETUL(ST),"BETUL, Madhya Pradesh, India","BETUL(ST), Madhya Pradesh",21.8797472,77.8753651,CONSTITUENCY,MEDIUM,resolved,"Betul, Madhya Pradesh, India"
Madhya Pradesh,BHIND(SC),"BHIND, Madhya Pradesh, India","BHIND(SC), Madhya Pradesh",26.3518828,78.6863189,CONSTITUENCY,MEDIUM,resolved,"Bhind, Madhya Pradesh, India"
Madhya Pradesh,BHOPAL,"BHOPAL, Madhya Pradesh, India","BHOPAL, Madhya Pradesh",23.2584857,77.401989,CONSTITUENCY,MEDIUM,resolved,"Bhopal, Huzur Tahsil, Bhopal, Madhya Pradesh, 462001, India"
Madhya Pradesh,CHHINDWARA,"CHHINDWARA, Madhya Pradesh, India","CHHINDWARA, Madhya Pradesh",22.2071897,78.798833,CONSTITUENCY,MEDIUM,resolved,"Chhindwara, Madhya Pradesh, India"
Madhya Pradesh,DAMOH,"DAMOH, Madhya Pradesh, India","DAMOH, Madhya Pradesh",23.7981005,79.5419356,CONSTITUENCY,MEDIUM,resolved,"Damoh, Madhya Pradesh, India"
Madhya Pradesh,DEWAS(SC),"DEWAS, Madhya Pradesh, India","DEWAS(SC), Madhya Pradesh",22.8057498,76.2940408,CONSTITUENCY,MEDIUM,resolved,"Dewas, Madhya Pradesh, India"
Madhya Pradesh,DHAR(ST),"DHAR, Madhya Pradesh, India","DHAR(ST), Madhya Pradesh",22.5786572,75.2258637,CONSTITUENCY,MEDIUM,resolved,"Dhar, Madhya Pradesh, India"
Madhya Pradesh,GUNA,"GUNA, Madhya Pradesh, India","GUNA, Madhya Pradesh",24.5001772,77.2600959,CONSTITUENCY,MEDIUM,resolved,"Guna, Madhya Pradesh, India"
Madhya Pradesh,GWALIOR,"GWALIOR, Madhya Pradesh, India","GWALIOR, Madhya Pradesh",26.2037247,78.1573628,CONSTITUENCY,MEDIUM,resolved,"Gwalior, Gird Tahsil, Gwalior, Madhya Pradesh, 474001, India"
Madhya Pradesh,HOSHANGABAD,"HOSHANGABAD, Madhya Pradesh, India","HOSHANGABAD, Madhya Pradesh",22.7545538,77.7198249,CONSTITUENCY,MEDIUM,resolved,"Narmadapuram, Narmadapuram Tahsil, Narmadapuram, Madhya Pradesh, 461001, India"
Madhya Pradesh,INDORE,"INDORE, Madhya Pradesh, India","INDORE, Madhya Pradesh",22.7203616,75.8681996,CONSTITUENCY,MEDIUM,resolved,"Indore, Juni Indore Tahsil, Indore, Madhya Pradesh, 452001, India"
Madhya Pradesh,JABALPUR,"JABALPUR, Madhya Pradesh, India","JABALPUR, Madhya Pradesh",23.1701522,79.9324505,CONSTITUENCY,MEDIUM,resolved,"Jabalpur, Ranjhi Tahsil, Jabalpur, Madhya Pradesh, India"
Madhya Pradesh,KHAJURAHO,"KHAJURAHO, Madhya Pradesh, India","KHAJURAHO, Madhya Pradesh",24.8515132,79.9259786,CONSTITUENCY,MEDIUM,resolved,"Khajuraho, Rajnagar Tahsil, Chhatarpur, Madhya Pradesh, 471505, India"
Madhya Pradesh,KHANDWA,"KHANDWA, Madhya Pradesh, India","KHANDWA, Madhya Pradesh",21.9769779,76.5675344,CONSTITUENCY,MEDIUM,resolved,"Khandwa, Madhya Pradesh, India"
Madhya Pradesh,KHARGONE(ST),"KHARGONE, Madhya Pradesh, India","KHARGONE(ST), Madhya Pradesh",21.9544729,75.7521248,CONSTITUENCY,MEDIUM,resolved,"Khargone, Madhya Pradesh, India"
Madhya Pradesh,MANDLA(ST),"MANDLA, Madhya Pradesh, India","MANDLA(ST), Madhya Pradesh",22.6871074,80.5816341,CONSTITUENCY,MEDIUM,resolved,"Mandla, Madhya Pradesh, India"
Madhya Pradesh,MANDSOUR,"MANDSOUR, Madhya Pradesh, India","MANDSOUR, Madhya Pradesh",23.8143419,77.5340719,STATE,LOW,approximate,"Madhya Pradesh, India"
Madhya Pradesh,MORENA,"MORENA, Madhya Pradesh, India","MORENA, Madhya Pradesh",26.3849794,77.8612721,CONSTITUENCY,MEDIUM,resolved,"Morena, Madhya Pradesh, India"
Madhya Pradesh,RAJGARH,"RAJGARH, Madhya Pradesh, India","RAJGARH, Madhya Pradesh",23.8716707,76.7744703,CONSTITUENCY,MEDIUM,resolved,"Rajgarh, Madhya Pradesh, India"
Madhya Pradesh,RATLAM(ST),"RATLAM, Madhya Pradesh, India","RATLAM(ST), Madhya Pradesh",23.50222,74.9551534,CONSTITUENCY,MEDIUM,resolved,"Ratlam, Madhya Pradesh, India"
Madhya Pradesh,REWA,"REWA, Madhya Pradesh, India","REWA, Madhya Pradesh",24.7560846,81.3810574,CONSTITUENCY,MEDIUM,resolved,"Rewa, Madhya Pradesh, India"
Madhya Pradesh,SAGAR,"SAGAR, Madhya Pradesh, India","SAGAR, Madhya Pradesh",23.8083076,78.758254,CONSTITUENCY,MEDIUM,resolved,"Sagar, Madhya Pradesh, India"
Madhya Pradesh,SATNA,"SATNA, Madhya Pradesh, India","SATNA, Madhya Pradesh",24.6954445,80.7770348,CONSTITUENCY,MEDIUM,resolved,"Satna, Madhya Pradesh, India"
Madhya Pradesh,SHAHDOL (ST),"SHAHDOL, Madhya Pradesh, India","SHAHDOL (ST), Madhya Pradesh",23.3002343,81.364771,CONSTITUENCY,MEDIUM,resolved,"Shahdol, Madhya Pradesh, India"
Madhya Pradesh,SIDHI,"SIDHI, Madhya Pradesh, India","SIDHI, Madhya Pradesh",24.2112687,81.7000415,CONSTITUENCY,MEDIUM,resolved,"Sidhi, Madhya Pradesh, India"
Madhya Pradesh,TIKAMGARH(SC),"TIKAMGARH, Madhya Pradesh, India","TIKAMGARH(SC), Madhya Pradesh",24.8552105,79.0472546,CONSTITUENCY,MEDIUM,resolved,"Tikamgarh, Madhya Pradesh, India"
Madhya Pradesh,UJJAIN(SC),"UJJAIN, Madhya Pradesh, India","UJJAIN(SC), Madhya Pradesh",23.1885131,75.7716562,CONSTITUENCY,MEDIUM,resolved,"Ujjain, Ujjain NagarTahsil, Ujjain, Madhya Pradesh, 456001, India"
Madhya Pradesh,VIDISHA,"VIDISHA, Madhya Pradesh, India","VIDISHA, Madhya Pradesh",23.8463004,77.8370209,CONSTITUENCY,MEDIUM,resolved,"Vidisha, Madhya Pradesh, India"
Maharashtra,AHMEDNAGAR,"AHMEDNAGAR, Maharashtra, India","AHMEDNAGAR, Maharashtra",19.092952,74.7493451,CONSTITUENCY,MEDIUM,resolved,"Ahilyanagar, Nagar Subdistrict, Ahilyanagar District, Maharashtra, 414001, India"
Maharashtra,AKOLA,"AKOLA, Maharashtra, India","AKOLA, Maharashtra",20.7618122,77.1921157,CONSTITUENCY,MEDIUM,resolved,"Akola, Maharashtra, India"
Maharashtra,AMRAVATI(SC),"AMRAVATI, Maharashtra, India","AMRAVATI(SC), Maharashtra",21.1545412,77.6442962,CONSTITUENCY,MEDIUM,resolved,"Amravati, Maharashtra, India"
Maharashtra,AURANGABAD_MH,"AURANGABAD_MH, Maharashtra, India","AURANGABAD_MH, Maharashtra",19.8639926,75.3364881,CONSTITUENCY,MEDIUM,resolved,"State Bank of India, Jahwahar Colony Road, Janakpuri Colony, Osmanpura, Chhatrapati Sambhajinagar, Maharashtra, 431002, India"
Maharashtra,BARAMATI,"BARAMATI, Maharashtra, India","BARAMATI, Maharashtra",18.2198538,74.4534054,CONSTITUENCY,MEDIUM,resolved,"Baramati, Pune, Maharashtra, India"
Maharashtra,BEED,"BEED, Maharashtra, India","BEED, Maharashtra",18.9918442,75.909784,CONSTITUENCY,MEDIUM,resolved,"Beed, Maharashtra, India"
Maharashtra,BHANDARA-GONDIYA,"BHANDARA-GONDIYA, Maharashtra, India","BHANDARA-GONDIYA, Maharashtra",21.4659408,80.1602354,CONSTITUENCY,MEDIUM,resolved,"Nagpur-Bhandara-Gondia Access Controlled Super Communication Expressway, Dhakni Ka Tola, Gonditola, Gondiya Taluka, Gondiya, Maharashtra, 441614, India"
Maharashtra,BHIWANDI,"BHIWANDI, Maharashtra, India","BHIWANDI, Maharashtra",19.3025562,73.0588072,CONSTITUENCY,MEDIUM,resolved,"Bhiwandi, Bhiwandi Subdistrict, Thane, Maharashtra, 421302, India"
Maharashtra,BULDHANA,"BULDHANA, Maharashtra, India","BULDHANA, Maharashtra",20.562845,76.4086986,CONSTITUENCY,MEDIUM,resolved,"Buldhana, Maharashtra, India"
Maharashtra,CHANDRAPUR,"CHANDRAPUR, Maharashtra, India","CHANDRAPUR, Maharashtra",20.0967555,79.5045475,CONSTITUENCY,MEDIUM,resolved,"Chandrapur, Maharashtra, India"
Maharashtra,DHULE,"DHULE, Maharashtra, India","DHULE, Maharashtra",21.1305215,74.4900614,CONSTITUENCY,MEDIUM,resolved,"Dhule, Maharashtra, India"
Maharashtra,DINDORI(ST),"DINDORI, Maharashtra, India","DINDORI(ST), Maharashtra",20.2037292,73.8325882,CONSTITUENCY,MEDIUM,resolved,"Dindori, Dindori Taluka, Nashik, Maharashtra, India"
Maharashtra,GADCHIROLI-CHIMUR(ST),"GADCHIROLI-CHIMUR, Maharashtra, India","GADCHIROLI-CHIMUR(ST), Maharashtra",19.5670323,76.4164557,STATE,LOW,approximate,"Maharashtra, India"
Maharashtra,HATKANANGLE,"HATKANANGLE, Maharashtra, India","HATKANANGLE, Maharashtra",16.7445098,74.3753175,CONSTITUENCY,MEDIUM,resolved,"Hatkanangle, Kolhapur, Maharashtra, India"
Maharashtra,HINGOLI,"HINGOLI, Maharashtra, India","HINGOLI, Maharashtra",19.5431163,77.1739432,CONSTITUENCY,MEDIUM,resolved,"Hingoli, Maharashtra, India"
Maharashtra,JALGAON,"JALGAON, Maharashtra, India","JALGAON, Maharashtra",20.8428827,75.5261246,CONSTITUENCY,MEDIUM,resolved,"Jalgaon, Maharashtra, India"
Maharashtra,JALNA,"JALNA, Maharashtra, India","JALNA, Maharashtra",19.918833,75.8708599,CONSTITUENCY,MEDIUM,resolved,"Jalna, Maharashtra, India"
Maharashtra,KOLHAPUR,"KOLHAPUR, Maharashtra, India","KOLHAPUR, Maharashtra",16.7028412,74.2405329,CONSTITUENCY,MEDIUM,resolved,"Kolhapur, Karvir, Kolhapur, Maharashtra, 416003, India"
Maharashtra,LATUR(SC),"LATUR, Maharashtra, India","LATUR(SC), Maharashtra",18.3553347,76.7548997,CONSTITUENCY,MEDIUM,resolved,"Latur, Maharashtra, India"
Maharashtra,MADHA,"MADHA, Maharashtra, India","MADHA, Maharashtra",18.0713086,75.3623281,CONSTITUENCY,MEDIUM,resolved,"Madha, Solapur, Maharashtra, India"
Maharashtra,MAVAL,"MAVAL, Maharashtra, India","MAVAL, Maharashtra",18.7428521,73.4253207,CONSTITUENCY,MEDIUM,resolved,"Annapurna homely food, Anganwadi Rd, Summer Hill, Lonavala, Mawal Subdistrict, Pune, Maharashtra, 410401, India"
Maharashtra,MUMBAI NORTH,"MUMBAI NORTH, Maharashtra, India","MUMBAI NORTH, Maharashtra",19.0976602,72.9071251,CONSTITUENCY,MEDIUM,resolved,"North Mumbai Highschool Marg, Jagdusha Nagar, Ghatkopar West, N Ward, Mumbai Zone 6, Mumbai, Mumbai Suburban District, Maharashtra, 400071, India"
Maharashtra,MUMBAI NORTH WEST,"MUMBAI NORTH WEST, Maharashtra, India","MUMBAI NORTH WEST, Maharashtra",19.0976602,72.9071251,CONSTITUENCY,MEDIUM,resolved,"North Mumbai Highschool Marg, Jagdusha Nagar, Ghatkopar West, N Ward, Mumbai Zone 6, Mumbai, Mumbai Suburban District, Maharashtra, 400071, India"
Maharashtra,MUMBAI NORTH-CENTRAL,"MUMBAI NORTH-CENTRAL, Maharashtra, India","MUMBAI NORTH-CENTRAL, Maharashtra",19.5670323,76.4164557,STATE,LOW,approximate,"Maharashtra, India"
Maharashtra,MUMBAI SOUTH,"MUMBAI SOUTH, Maharashtra, India","MUMBAI SOUTH, Maharashtra",18.9752099,72.8239654,CONSTITUENCY,MEDIUM,resolved,"Wockhardt Hospitals, South Mumbai, Dr Anand Rao Nair Marg, Agripada, Tardeo, E Ward, Mumbai Zone 1, Thane, Maharashtra, 400011, India"
Maharashtra,NAGPUR,"NAGPUR, Maharashtra, India","NAGPUR, Maharashtra",21.1498134,79.0820556,CONSTITUENCY,MEDIUM,resolved,"Nagpur City, Nagpur Urban Taluka, Nagpur, Maharashtra, India"
Maharashtra,NANDED,"NANDED, Maharashtra, India","NANDED, Maharashtra",19.0942729,77.4832628,CONSTITUENCY,MEDIUM,resolved,"Nanded, Maharashtra, India"
Maharashtra,NANDURBAR(ST),"NANDURBAR, Maharashtra, India","NANDURBAR(ST), Maharashtra",21.5141622,74.5405513,CONSTITUENCY,MEDIUM,resolved,"Nandurbar, Maharashtra, India"
Maharashtra,NASHIK,"NASHIK, Maharashtra, India","NASHIK, Maharashtra",20.0112475,73.7902364,CONSTITUENCY,MEDIUM,resolved,"Nashik, Nashik Subdistrict, Nashik, Maharashtra, 422001, India"
Maharashtra,OSMANABAD,"OSMANABAD, Maharashtra, India","OSMANABAD, Maharashtra",18.2822454,76.0588166,CONSTITUENCY,MEDIUM,resolved,"Osmanabad, Waruda Road, Gairan Wasti, Waruda, Dharashiv, Maharashtra, 413501, India"
Maharashtra,PALGHAR(ST),"PALGHAR, Maharashtra, India","PALGHAR(ST), Maharashtra",19.757249,73.0931199,CONSTITUENCY,MEDIUM,resolved,"Palghar, Maharashtra, India"
Maharashtra,PARBHANI,"PARBHANI, Maharashtra, India","PARBHANI, Maharashtra",19.2901981,76.6026443,CONSTITUENCY,MEDIUM,resolved,"Parbhani, Maharashtra, India"
Maharashtra,PUNE,"PUNE, Maharashtra, India","PUNE, Maharashtra",18.5213738,73.8545071,CONSTITUENCY,MEDIUM,resolved,"Pune, Pune City Subdistrict, Pune, Maharashtra, 411001, India"
Maharashtra,RAIGAD,"RAIGAD, Maharashtra, India","RAIGAD, Maharashtra",18.4928092,73.138071,CONSTITUENCY,MEDIUM,resolved,"Raigad, Maharashtra, India"
Maharashtra,RAMTEK(SC),"RAMTEK, Maharashtra, India","RAMTEK(SC), Maharashtra",21.3935847,79.2999141,CONSTITUENCY,MEDIUM,resolved,"Ramtek, NH753, Khairi, Ramtek Taluka, Nagpur, Maharashtra, 441401, India"
Maharashtra,RATNAGIRI-SINDHUDURG,"RATNAGIRI-SINDHUDURG, Maharashtra, India","RATNAGIRI-SINDHUDURG, Maharashtra",19.5670323,76.4164557,STATE,LOW,approximate,"Maharashtra, India"
Maharashtra,RAVER,"RAVER, Maharashtra, India","RAVER, Maharashtra",21.2222313,76.0444182,CONSTITUENCY,MEDIUM,resolved,"Raver, NH753BE, Raver, Jalgaon, Maharashtra, 425508, India"
Maharashtra,SANGLI,"SANGLI, Maharashtra, India","SANGLI, Maharashtra",17.1726928,74.5867654,CONSTITUENCY,MEDIUM,resolved,"Sangli, Maharashtra, India"
Maharashtra,SATARA,"SATARA, Maharashtra, India","SATARA, Maharashtra",17.6361289,74.2982781,CONSTITUENCY,MEDIUM,resolved,"Satara, Maharashtra, India"
Maharashtra,SHIRDI(SC),"SHIRDI, Maharashtra, India","SHIRDI(SC), Maharashtra",19.7668121,74.4754386,CONSTITUENCY,MEDIUM,resolved,"Shirdi, Rahta, Ahilyanagar District, Maharashtra, 423109, India"
Maharashtra,SHIRUR,"SHIRUR, Maharashtra, India","SHIRUR, Maharashtra",18.7610989,74.209529,CONSTITUENCY,MEDIUM,resolved,"Shirur, Pune, Maharashtra, India"
Maharashtra,SOLAPUR(SC),"SOLAPUR, Maharashtra, India","SOLAPUR(SC), Maharashtra",17.8499067,75.2763203,CONSTITUENCY,MEDIUM,resolved,"Solapur, Maharashtra, India"
Maharashtra,WARDHA,"WARDHA, Maharashtra, India","WARDHA, Maharashtra",20.8256231,78.6131455,CONSTITUENCY,MEDIUM,resolved,"Wardha, Maharashtra, India"
Maharashtra,YAVATMAL-WASHIM,"YAVATMAL-WASHIM, Maharashtra, India","YAVATMAL-WASHIM, Maharashtra",19.5670323,76.4164557,STATE,LOW,approximate,"Maharashtra, India"
Manipur,INNER MANIPUR,"INNER MANIPUR, Manipur, India","INNER MANIPUR, Manipur",24.7208818,93.9229386,STATE,LOW,approximate,"Manipur, India"
Manipur,OUTER MANIPUR(ST),"OUTER MANIPUR, Manipur, India","OUTER MANIPUR(ST), Manipur",24.7208818,93.9229386,STATE,LOW,approximate,"Manipur, India"
Meghalaya,SHILLONG,"SHILLONG, Meghalaya, India","SHILLONG, Meghalaya",25.5759931,91.8827872,CONSTITUENCY,MEDIUM,resolved,"Shillong, Mylliem, East Khasi Hills, Meghalaya, 793001, India"
Meghalaya,TURA,"TURA, Meghalaya, India","TURA, Meghalaya",25.5125616,90.2171526,CONSTITUENCY,MEDIUM,resolved,"Tura, Gambegre, West Garo Hills, Meghalaya, 794001, India"
Mizoram,MIZORAM (ST),"MIZORAM, Mizoram, India","MIZORAM (ST), Mizoram",23.2166575,92.7952078,CONSTITUENCY,MEDIUM,resolved,"Mizoram, Lunglei, Mizoram, India"
Nagaland,NAGALAND,"NAGALAND, Nagaland, India","NAGALAND, Nagaland",25.7209382,94.1072118,CONSTITUENCY,MEDIUM,resolved,"Nagaland Legislative Assembly complex, UD Road, Merima, Kohima Sadar, Kohima, Nagaland, 797004, India"
Odisha,ASKA,"ASKA, Odisha, India","ASKA, Odisha",19.6060868,84.6724523,CONSTITUENCY,MEDIUM,resolved,"Asika, Ganjam, Odisha, 761110, India"
Odisha,BALASORE,"BALASORE, Odisha, India","BALASORE, Odisha",21.5006421,86.919884,CONSTITUENCY,MEDIUM,resolved,"Balasore, Station Road, Baleshwar, Baleshwar (M), Baleshwar, Odisha, 756001, India"
Odisha,BARGARH,"BARGARH, Odisha, India","BARGARH, Odisha",21.2319922,83.5652737,CONSTITUENCY,MEDIUM,resolved,"Bargarh, Odisha, India"
Odisha,BERHAMPUR,"BERHAMPUR, Odisha, India","BERHAMPUR, Odisha",21.4930852,86.6327298,CONSTITUENCY,MEDIUM,resolved,"Berhampur, Baleshwar, Odisha, India"
Odisha,BHADRAK(SC),"BHADRAK, Odisha, India","BHADRAK(SC), Odisha",20.9854052,86.5934226,CONSTITUENCY,MEDIUM,resolved,"Bhadrak, Odisha, India"
Odisha,BHUBANESWAR,"BHUBANESWAR, Odisha, India","BHUBANESWAR, Odisha",20.2602964,85.8394521,CONSTITUENCY,MEDIUM,resolved,"Bhubaneswar, Bhubaneswar Municipal Corporation, Bhubaneswar (M.Corp.), Khordha, Odisha, 751001, India"
Odisha,BOLANGIR,"BOLANGIR, Odisha, India","BOLANGIR, Odisha",20.7502257,83.2499464,CONSTITUENCY,MEDIUM,resolved,"Balāngīr, Balangir, Odisha, India"
Odisha,CUTTACK,"CUTTACK, Odisha, India","CUTTACK, Odisha",20.4686,85.8792,CONSTITUENCY,MEDIUM,resolved,"Cuttack, Cuttack (M.Corp.) P.S, Cuttack, Odisha, 753001, India"
Odisha,DHENKANAL,"DHENKANAL, Odisha, India","DHENKANAL, Odisha",20.8351494,85.6022305,CONSTITUENCY,MEDIUM,resolved,"Dhenkanal, Odisha, India"
Odisha,JAGATSINGHPUR(SC),"JAGATSINGHPUR, Odisha, India","JAGATSINGHPUR(SC), Odisha",20.2593872,86.1660878,CONSTITUENCY,MEDIUM,resolved,"Jagatsinghpur, Jagatsinghapur, Odisha, 754100, India"
Odisha,JAJPUR(SC),"JAJPUR, Odisha, India","JAJPUR(SC), Odisha",20.8746788,86.1215393,CONSTITUENCY,MEDIUM,resolved,"Jajpur, Odisha, India"
Odisha,KALAHANDI,"KALAHANDI, Odisha, India","KALAHANDI, Odisha",19.8265757,83.0408702,CONSTITUENCY,MEDIUM,resolved,"Kalahandi, Odisha, India"
Odisha,KANDHAMAL,"KANDHAMAL, Odisha, India","KANDHAMAL, Odisha",20.1306939,84.0790476,CONSTITUENCY,MEDIUM,resolved,"Kandhamal, Odisha, India"
Odisha,KENDRAPARA,"KENDRAPARA, Odisha, India","KENDRAPARA, Odisha",20.5475164,86.5296168,CONSTITUENCY,MEDIUM,resolved,"Kendrapara, Odisha, India"
Odisha,KEONJHAR(ST),"KEONJHAR, Odisha, India","KEONJHAR(ST), Odisha",21.5,85.5,CONSTITUENCY,MEDIUM,resolved,"Keonjhar, Kendujhar, Odisha, 758018, India"
Odisha,KORAPUT(ST),"KORAPUT, Odisha, India","KORAPUT(ST), Odisha",18.7232023,82.6100596,CONSTITUENCY,MEDIUM,resolved,"Koraput, Odisha, India"
Odisha,MAYURBHANJ (ST),"MAYURBHANJ, Odisha, India","MAYURBHANJ (ST), Odisha",21.9156338,86.3961824,CONSTITUENCY,MEDIUM,resolved,"Mayurbhanj, Odisha, India"
Odisha,NABARANGPUR(ST),"NABARANGPUR, Odisha, India","NABARANGPUR(ST), Odisha",19.228896,82.5665715,CONSTITUENCY,MEDIUM,resolved,"Odisha Red Cross Blood Bank, Nabarangpur, NH26, Nabarangapur, Nabarangapur P.S, Nabarangapur, Odisha, 764059, India"
Odisha,PURI,"PURI, Odisha, India","PURI, Odisha",19.8076083,85.8252538,CONSTITUENCY,MEDIUM,resolved,"Puri, Puri (M), Puri, Odisha, 752001, India"
Odisha,SAMBALPUR,"SAMBALPUR, Odisha, India","SAMBALPUR, Odisha",21.5570606,84.1528515,CONSTITUENCY,MEDIUM,resolved,"Sambalpur, Odisha, India"
Odisha,SUNDARGARH (ST),"SUNDARGARH, Odisha, India","SUNDARGARH (ST), Odisha",22.0605153,83.9359154,CONSTITUENCY,MEDIUM,resolved,"Sundargarh, Odisha, India"
Puducherry,Puducherry,"Puducherry, Puducherry, India","Puducherry, Puducherry",11.9340568,79.8306447,CONSTITUENCY,MEDIUM,resolved,"Puducherry, Puducherry Taluk, Puducherry, 605001, India"
Punjab,AMRITSAR,"AMRITSAR, Punjab, India","AMRITSAR, Punjab",31.6356659,74.8787496,CONSTITUENCY,MEDIUM,resolved,"Amritsar, Amritsar I Tahsil, Amritsar, Punjab, 143001, India"
Punjab,ANANDPUR SAHIB,"ANANDPUR SAHIB, Punjab, India","ANANDPUR SAHIB, Punjab",31.2299862,76.5005778,CONSTITUENCY,MEDIUM,resolved,"Anandpur Sahib, NH503, Ghattiwal, Anandpur Sahib, Anandpur Sahib Tahsil, Rupnagar, Punjab, 140118, India"
Punjab,BHATINDA,"BHATINDA, Punjab, India","BHATINDA, Punjab",30.206791,74.9463699,CONSTITUENCY,MEDIUM,resolved,"Bathinda, Bathinda Tahsil, Bathinda, Punjab, 151001, India"
Punjab,FARIDKOT(SC),"FARIDKOT, Punjab, India","FARIDKOT(SC), Punjab",30.6014507,74.7950176,CONSTITUENCY,MEDIUM,resolved,"Faridkot, Punjab, India"
Punjab,FATEHGARH SAHIB(SC),"FATEHGARH SAHIB, Punjab, India","FATEHGARH SAHIB(SC), Punjab",30.6634042,76.3803,CONSTITUENCY,MEDIUM,resolved,"Fatehgarh Sahib, Punjab, India"
Punjab,FIROZPUR,"FIROZPUR, Punjab, India","FIROZPUR, Punjab",30.8753832,74.6525438,CONSTITUENCY,MEDIUM,resolved,"Firozpur, Punjab, India"
Punjab,GURDASPUR,"GURDASPUR, Punjab, India","GURDASPUR, Punjab",31.9037264,75.2275587,CONSTITUENCY,MEDIUM,resolved,"Gurdaspur, Punjab, India"
Punjab,HOSHIARPUR(SC),"HOSHIARPUR, Punjab, India","HOSHIARPUR(SC), Punjab",31.6092942,75.8459754,CONSTITUENCY,MEDIUM,resolved,"Hoshiarpur, Punjab, India"
Punjab,JALANDHAR(SC),"JALANDHAR, Punjab, India","JALANDHAR(SC), Punjab",31.2922312,75.5678878,CONSTITUENCY,MEDIUM,resolved,"Jalandhar, Punjab, India"
Punjab,KHADOOR SAHIB,"KHADOOR SAHIB, Punjab, India","KHADOOR SAHIB, Punjab",31.4241739,75.0982026,CONSTITUENCY,MEDIUM,resolved,"Khadur Sahib, Khadur Sahib Tahsil, Tarn Taran, Punjab, 143117, India"
Punjab,LUDHIANA,"LUDHIANA, Punjab, India","LUDHIANA, Punjab",30.9090157,75.851601,CONSTITUENCY,MEDIUM,resolved,"Ludhiana, Ludhiana (West) Tahsil, Ludhiana, Punjab, 141001, India"
Punjab,PATIALA,"PATIALA, Punjab, India","PATIALA, Punjab",30.2092778,76.3397231,CONSTITUENCY,MEDIUM,resolved,"Patiala, Punjab, India"
Punjab,SANGRUR,"SANGRUR, Punjab, India","SANGRUR, Punjab",30.135717,75.8533326,CONSTITUENCY,MEDIUM,resolved,"Sangrur, Punjab, India"
Rajasthan,AJMER,"AJMER, Rajasthan, India","AJMER, Rajasthan",26.4691,74.639,CONSTITUENCY,MEDIUM,resolved,"Ajmer, Ajmer Tehsil, Ajmer, Rajasthan, India"
Rajasthan,ALWAR,"ALWAR, Rajasthan, India","ALWAR, Rajasthan",27.4140049,76.6170387,CONSTITUENCY,MEDIUM,resolved,"Alwar, Rajasthan, India"
Rajasthan,BANSWARA(ST),"BANSWARA, Rajasthan, India","BANSWARA(ST), Rajasthan",23.4915047,74.3502172,CONSTITUENCY,MEDIUM,resolved,"Banswara, Rajasthan, India"
Rajasthan,BARMER,"BARMER, Rajasthan, India","BARMER, Rajasthan",25.5814853,71.1924922,CONSTITUENCY,MEDIUM,resolved,"Barmer, Rajasthan, India"
Rajasthan,BHARATPUR(SC),"BHARATPUR, Rajasthan, India","BHARATPUR(SC), Rajasthan",27.0246959,77.2920116,CONSTITUENCY,MEDIUM,resolved,"Bharatpur, Rajasthan, India"
Rajasthan,BHILWARA,"BHILWARA, Rajasthan, India","BHILWARA, Rajasthan",25.470994,74.6961316,CONSTITUENCY,MEDIUM,resolved,"Bhilwara, Rajasthan, India"
Rajasthan,BIKANER(SC),"BIKANER, Rajasthan, India","BIKANER(SC), Rajasthan",28.0159286,73.3171367,CONSTITUENCY,MEDIUM,resolved,"Bikaner, Bikaner Tehsil, Bikaner, Rajasthan, 334001, India"
Rajasthan,CHITTORGARH,"CHITTORGARH, Rajasthan, India","CHITTORGARH, Rajasthan",24.7171578,74.4718129,CONSTITUENCY,MEDIUM,resolved,"Chittorgarh, Rajasthan, India"
Rajasthan,CHURU,"CHURU, Rajasthan, India","CHURU, Rajasthan",28.2047781,74.6912996,CONSTITUENCY,MEDIUM,resolved,"Churu, Rajasthan, India"
Rajasthan,DAUSA(ST),"DAUSA, Rajasthan, India","DAUSA(ST), Rajasthan",26.8048659,76.4437457,CONSTITUENCY,MEDIUM,resolved,"Dausa, Rajasthan, India"
Rajasthan,GANGANAGAR(SC),"GANGANAGAR, Rajasthan, India","GANGANAGAR(SC), Rajasthan",25.9061389,76.4815499,CONSTITUENCY,MEDIUM,resolved,"Ganganagar, Allapur, Khandar Tehsil, Sawai Madhopur, Rajasthan, India"
Rajasthan,JAIPUR,"JAIPUR, Rajasthan, India","JAIPUR, Rajasthan",26.9154576,75.8189817,CONSTITUENCY,MEDIUM,resolved,"Jaipur, Jaipur Municipal Corporation, Jaipur Tehsil, Jaipur, Rajasthan, 302001, India"
Rajasthan,JAIPUR RURAL,"JAIPUR RURAL, Rajasthan, India","JAIPUR RURAL, Rajasthan",26.8105777,73.7684549,STATE,LOW,approximate,"Rajasthan, India"
Rajasthan,JALORE,"JALORE, Rajasthan, India","JALORE, Rajasthan",25.2093482,72.3178889,CONSTITUENCY,MEDIUM,resolved,"Jalore, Rajasthan, India"
Rajasthan,JHALAWAR-BARAN,"JHALAWAR-BARAN, Rajasthan, India","JHALAWAR-BARAN, Rajasthan",26.8105777,73.7684549,STATE,LOW,approximate,"Rajasthan, India"
Rajasthan,JHUNJHUNU,"JHUNJHUNU, Rajasthan, India","JHUNJHUNU, Rajasthan",28.0798944,75.5424211,CONSTITUENCY,MEDIUM,resolved,"Jhunjhunu, Rajasthan, India"
Rajasthan,JODHPUR,"JODHPUR, Rajasthan, India","JODHPUR, Rajasthan",26.2967719,73.0351433,CONSTITUENCY,MEDIUM,resolved,"Jodhpur, Jodhpur Tehsil, Jodhpur, Rajasthan, India"
Rajasthan,KARAULI-DHOLPUR(SC),"KARAULI-DHOLPUR, Rajasthan, India","KARAULI-DHOLPUR(SC), Rajasthan",26.8105777,73.7684549,STATE,LOW,approximate,"Rajasthan, India"
Rajasthan,KOTA,"KOTA, Rajasthan, India","KOTA, Rajasthan",25.1737019,75.8574194,CONSTITUENCY,MEDIUM,resolved,"Kota, Ladpura Tehsil, Kota, Rajasthan, 324001, India"
Rajasthan,NAGAUR,"NAGAUR, Rajasthan, India","NAGAUR, Rajasthan",26.9873443,73.7389011,CONSTITUENCY,MEDIUM,resolved,"Nagaur, Rajasthan, India"
Rajasthan,PALI,"PALI, Rajasthan, India","PALI, Rajasthan",25.4552211,73.419389,CONSTITUENCY,MEDIUM,resolved,"Pali, Rajasthan, India"
Rajasthan,RAJSAMAND,"RAJSAMAND, Rajasthan, India","RAJSAMAND, Rajasthan",25.2892459,73.8241077,CONSTITUENCY,MEDIUM,resolved,"Rajsamand, Rajasthan, India"
Rajasthan,SIKAR,"SIKAR, Rajasthan, India","SIKAR, Rajasthan",27.6624156,75.0279971,CONSTITUENCY,MEDIUM,resolved,"Sikar, Rajasthan, India"
Rajasthan,TONK-SAWAI MADHOPUR,"TONK-SAWAI MADHOPUR, Rajasthan, India","TONK-SAWAI MADHOPUR, Rajasthan",25.9706423,76.2830865,CONSTITUENCY,MEDIUM,resolved,"Meena Dhani Tonk Road, Kushtala, Sawai Madhopur Tehsil, Sawai Madhopur, Rajasthan, India"
Rajasthan,UDAIPUR(ST),"UDAIPUR, Rajasthan, India","UDAIPUR(ST), Rajasthan",24.578721,73.6862571,CONSTITUENCY,MEDIUM,resolved,"Udaipur, Girwa Tehsil, Udaipur, Rajasthan, 313001, India"
Sikkim,SIKKIM,"SIKKIM, Sikkim, India","SIKKIM, Sikkim",27.6501206,88.4058477,CONSTITUENCY,MEDIUM,resolved,"Western Sikkim Subsection, Chungthang, Mangan, Sikkim, India"
Tamil Nadu,ARAKKONAM,"ARAKKONAM, Tamil Nadu, India","ARAKKONAM, Tamil Nadu",13.0839782,79.6700892,CONSTITUENCY,MEDIUM,resolved,"Arakkonam, Arakonam, Ranipet, Tamil Nadu, 631001, India"
Tamil Nadu,ARANI,"ARANI, Tamil Nadu, India","ARANI, Tamil Nadu",13.3310399,80.0835726,CONSTITUENCY,MEDIUM,resolved,"Arani, Ponneri, Thiruvallur, Tamil Nadu, 601101, India"
Tamil Nadu,CHENNAI CENTRAL,"CHENNAI CENTRAL, Tamil Nadu, India","CHENNAI CENTRAL, Tamil Nadu",13.0824232,80.2759622,CONSTITUENCY,MEDIUM,resolved,"Puratchi Thalaivar Dr. M. G. Ramachandran Central, pathway, Evening Bazaar, Ward 59, Zone 5 Royapuram, Chennai Corporation, Chennai, Tamil Nadu, 600001, India"
Tamil Nadu,CHENNAI NORTH,"CHENNAI NORTH, Tamil Nadu, India","CHENNAI NORTH, Tamil Nadu",13.0147569,80.2305388,CONSTITUENCY,MEDIUM,resolved,"Aaksheaya Air India Apartments, North Mada Street, Srinagar Colony, Ward 171, Zone 13 Adyar, Chennai Corporation, Chennai, Tamil Nadu, 600025, India"
Tamil Nadu,CHENNAI SOUTH,"CHENNAI SOUTH, Tamil Nadu, India","CHENNAI SOUTH, Tamil Nadu",13.0831783,80.2783992,CONSTITUENCY,MEDIUM,resolved,"State Bank of India Park Town, South Mint Street, Evening Bazaar, Ward 59, Zone 5 Royapuram, Chennai Corporation, Chennai, Tamil Nadu, 600001, India"
Tamil Nadu,CHIDAMBARAM(SC),"CHIDAMBARAM, Tamil Nadu, India","CHIDAMBARAM(SC), Tamil Nadu",11.3920706,79.703025,CONSTITUENCY,MEDIUM,resolved,"Chidambaram, Railway Feeder Road, Chidambaram, Cuddalore, Tamil Nadu, 608001, India"
Tamil Nadu,COIMBATORE,"COIMBATORE, Tamil Nadu, India","COIMBATORE, Tamil Nadu",11.0018115,76.9628425,CONSTITUENCY,MEDIUM,resolved,"Coimbatore, Coimbatore North, Coimbatore, Tamil Nadu, 641001, India"
Tamil Nadu,CUDDALORE,"CUDDALORE, Tamil Nadu, India","CUDDALORE, Tamil Nadu",11.5202071,79.3396356,CONSTITUENCY,MEDIUM,resolved,"Cuddalore, Tamil Nadu, India"
Tamil Nadu,DHARAMAPURI,"DHARAMAPURI, Tamil Nadu, India","DHARAMAPURI, Tamil Nadu",11.3323723,78.6098639,STATE,LOW,approximate,"Tamil Nadu, India"
Tamil Nadu,DINDIGUL,"DINDIGUL, Tamil Nadu, India","DINDIGUL, Tamil Nadu",10.4257161,77.8154728,CONSTITUENCY,MEDIUM,resolved,"Dindigul, Tamil Nadu, India"
Tamil Nadu,ERODE,"ERODE, Tamil Nadu, India","ERODE, Tamil Nadu",11.4905282,77.3505274,CONSTITUENCY,MEDIUM,resolved,"Erode, Tamil Nadu, India"
Tamil Nadu,KALLAKURICHI,"KALLAKURICHI, Tamil Nadu, India","KALLAKURICHI, Tamil Nadu",11.7946847,79.0388211,CONSTITUENCY,MEDIUM,resolved,"Kallakurichi, Tamil Nadu, India"
Tamil Nadu,KANCHEEPURAM(SC),"KANCHEEPURAM, Tamil Nadu, India","KANCHEEPURAM(SC), Tamil Nadu",12.8796052,79.7042762,CONSTITUENCY,MEDIUM,resolved,"Kancheepuram, Kanchipuram, Tamil Nadu, India"
Tamil Nadu,KANNIYAKUMARI,"KANNIYAKUMARI, Tamil Nadu, India","KANNIYAKUMARI, Tamil Nadu",8.3279814,77.3541173,CONSTITUENCY,MEDIUM,resolved,"Kanniyakumari, Tamil Nadu, India"
Tamil Nadu,KARUR,"KARUR, Tamil Nadu, India","KARUR, Tamil Nadu",10.8217671,78.3828654,CONSTITUENCY,MEDIUM,resolved,"Karur, Tamil Nadu, India"
Tamil Nadu,KRISHNAGIRI,"KRISHNAGIRI, Tamil Nadu, India","KRISHNAGIRI, Tamil Nadu",12.5152075,78.0093769,CONSTITUENCY,MEDIUM,resolved,"Krishnagiri, Tamil Nadu, India"
Tamil Nadu,MADURAI,"MADURAI, Tamil Nadu, India","MADURAI, Tamil Nadu",9.9261153,78.1140983,CONSTITUENCY,MEDIUM,resolved,"Madurai, Madurai South, Madurai, Tamil Nadu, India"
Tamil Nadu,MAYILADUTHURAI,"MAYILADUTHURAI, Tamil Nadu, India","MAYILADUTHURAI, Tamil Nadu",11.1018614,79.6503162,CONSTITUENCY,MEDIUM,resolved,"Mayiladuthurai, Tamil Nadu, 609129, India"
Tamil Nadu,NAGAPATTINAM(SC),"NAGAPATTINAM, Tamil Nadu, India","NAGAPATTINAM(SC), Tamil Nadu",10.6026203,79.7619348,CONSTITUENCY,MEDIUM,resolved,"Nagapattinam, Tamil Nadu, India"
Tamil Nadu,NAMAKKAL,"NAMAKKAL, Tamil Nadu, India","NAMAKKAL, Tamil Nadu",11.3033889,78.118604,CONSTITUENCY,MEDIUM,resolved,"Namakkal, Tamil Nadu, India"
Tamil Nadu,NILGIRIS(SC),"NILGIRIS, Tamil Nadu, India","NILGIRIS(SC), Tamil Nadu",11.4449997,76.69752,CONSTITUENCY,MEDIUM,resolved,"Nilgiris, Tamil Nadu, India"
Tamil Nadu,PERAMBALUR,"PERAMBALUR, Tamil Nadu, India","PERAMBALUR, Tamil Nadu",11.2902641,78.9300404,CONSTITUENCY,MEDIUM,resolved,"Perambalur, Tamil Nadu, India"
Tamil Nadu,POLLACHI,"POLLACHI, Tamil Nadu, India","POLLACHI, Tamil Nadu",10.6588234,77.00873,CONSTITUENCY,MEDIUM,resolved,"Pollachi, Coimbatore, Tamil Nadu, 642001, India"
Tamil Nadu,RAMANATHAPURAM,"RAMANATHAPURAM, Tamil Nadu, India","RAMANATHAPURAM, Tamil Nadu",9.5205576,78.5184635,CONSTITUENCY,MEDIUM,resolved,"Ramanathapuram, Tamil Nadu, India"
Tamil Nadu,SALEM,"SALEM, Tamil Nadu, India","SALEM, Tamil Nadu",11.6469616,78.2106958,CONSTITUENCY,MEDIUM,resolved,"Salem, Tamil Nadu, India"
Tamil Nadu,SIVAGANGA,"SIVAGANGA, Tamil Nadu, India","SIVAGANGA, Tamil Nadu",9.8486881,78.4870461,CONSTITUENCY,MEDIUM,resolved,"Sivaganga, Sivagangai, Tamil Nadu, 623560, India"
Tamil Nadu,SRIPERUMBUDUR,"SRIPERUMBUDUR, Tamil Nadu, India","SRIPERUMBUDUR, Tamil Nadu",12.9666144,79.9458077,CONSTITUENCY,MEDIUM,resolved,"Sriperumbudur, Kanchipuram, Tamil Nadu, 602105, India"
Tamil Nadu,TENKASI(SC),"TENKASI, Tamil Nadu, India","TENKASI(SC), Tamil Nadu",9.0933908,77.4758373,CONSTITUENCY,MEDIUM,resolved,"Tenkasi, Tamil Nadu, India"
Tamil Nadu,THANJAVUR,"THANJAVUR, Tamil Nadu, India","THANJAVUR, Tamil Nadu",10.659037,79.2014278,CONSTITUENCY,MEDIUM,resolved,"Thanjavur, Tamil Nadu, India"
Tamil Nadu,THENI,"THENI, Tamil Nadu, India","THENI, Tamil Nadu",9.8692558,77.4222974,CONSTITUENCY,MEDIUM,resolved,"Theni, Tamil Nadu, India"
Tamil Nadu,THOOTHUKKUDI,"THOOTHUKKUDI, Tamil Nadu, India","THOOTHUKKUDI, Tamil Nadu",8.7567452,78.0797527,CONSTITUENCY,MEDIUM,resolved,"Thoothukkudi, Thoothukudi, Tamil Nadu, India"
Tamil Nadu,TIRUCHIRAPPALLI,"TIRUCHIRAPPALLI, Tamil Nadu, India","TIRUCHIRAPPALLI, Tamil Nadu",10.8071144,78.6880939,CONSTITUENCY,MEDIUM,resolved,"Tiruchirappalli, Tiruchchirāppalli, Tiruchirappalli, Tamil Nadu, India"
Tamil Nadu,TIRUNELVELI,"TIRUNELVELI, Tamil Nadu, India","TIRUNELVELI, Tamil Nadu",8.5495014,77.5805178,CONSTITUENCY,MEDIUM,resolved,"Tirunelveli, Tamil Nadu, India"
Tamil Nadu,TIRUPPUR,"TIRUPPUR, Tamil Nadu, India","TIRUPPUR, Tamil Nadu",10.7915267,77.5325466,CONSTITUENCY,MEDIUM,resolved,"Tiruppur, Tamil Nadu, India"
Tamil Nadu,TIRUVALLUR(SC),"TIRUVALLUR, Tamil Nadu, India","TIRUVALLUR(SC), Tamil Nadu",13.1394221,79.9070839,CONSTITUENCY,MEDIUM,resolved,"Tiruvallur, Thiruvallur, Tamil Nadu, 602001, India"
Tamil Nadu,TIRUVANNAMALAI,"TIRUVANNAMALAI, Tamil Nadu, India","TIRUVANNAMALAI, Tamil Nadu",12.4289282,78.99915,CONSTITUENCY,MEDIUM,resolved,"Tiruvannamalai, Tamil Nadu, India"
Tamil Nadu,VELLORE,"VELLORE, Tamil Nadu, India","VELLORE, Tamil Nadu",12.9021849,79.061104,CONSTITUENCY,MEDIUM,resolved,"Vellore, Tamil Nadu, India"
Tamil Nadu,VILUPPURAM(SC),"VILUPPURAM, Tamil Nadu, India","VILUPPURAM(SC), Tamil Nadu",12.1166967,79.5989236,CONSTITUENCY,MEDIUM,resolved,"Viluppuram, Tamil Nadu, India"
Tamil Nadu,VIRUDHUNAGAR,"VIRUDHUNAGAR, Tamil Nadu, India","VIRUDHUNAGAR, Tamil Nadu",9.4926289,77.8631831,CONSTITUENCY,MEDIUM,resolved,"Virudhunagar, Tamil Nadu, India"
Telangana,ADILABAD(ST),"ADILABAD, Telangana, India","ADILABAD(ST), Telangana",19.6759452,78.5339895,CONSTITUENCY,MEDIUM,resolved,"Adilabad, Adilabad Urban Mandal, Adilabad, Telangana, 504001, India"
Telangana,BHONGIR,"BHONGIR, Telangana, India","BHONGIR, Telangana",17.5172789,78.8863383,CONSTITUENCY,MEDIUM,resolved,"Bhongir, Bhongiri mandal, Yadadri Bhuvanagiri, Telangana, 508100, India"
Telangana,CHELVELLA,"CHELVELLA, Telangana, India","CHELVELLA, Telangana",17.8495919,79.1151663,STATE,LOW,approximate,"Telangana, India"
Telangana,HYDERABAD,"HYDERABAD, Telangana, India","HYDERABAD, Telangana",17.360589,78.4740613,CONSTITUENCY,MEDIUM,resolved,"Hyderabad, Bahadurpura mandal, Hyderabad, Telangana, India"
Telangana,KARIMNAGAR,"KARIMNAGAR, Telangana, India","KARIMNAGAR, Telangana",18.4348122,79.1328042,CONSTITUENCY,MEDIUM,resolved,"Karimnagar, Karimnagar mandal, Karimnagar, Telangana, 505001, India"
Telangana,KHAMMAM,"KHAMMAM, Telangana, India","KHAMMAM, Telangana",17.2465351,80.1500326,CONSTITUENCY,MEDIUM,resolved,"Khammam, Khammam Urban mandal, Khammam, Telangana, 507003, India"
Telangana,MAHABUBABAD,"MAHABUBABAD, Telangana, India","MAHABUBABAD, Telangana",17.7138983,80.0413425,CONSTITUENCY,MEDIUM,resolved,"Mahabubabad, Telangana, India"
Telangana,MAHABUBNAGAR,"MAHABUBNAGAR, Telangana, India","MAHABUBNAGAR, Telangana",16.6965686,77.9591146,CONSTITUENCY,MEDIUM,resolved,"Mahabubnagar, Telangana, India"
Telangana,MALKAJGIRI,"MALKAJGIRI, Telangana, India","MALKAJGIRI, Telangana",17.4511764,78.5368997,CONSTITUENCY,MEDIUM,resolved,"Malkajgiri, Hyderabad, Malkajgiri mandal, Medchal–Malkajgiri, Telangana, 500017, India"
Telangana,MEDAK,"MEDAK, Telangana, India","MEDAK, Telangana",17.9375095,78.211745,CONSTITUENCY,MEDIUM,resolved,"Medak, Telangana, India"
Telangana,NAGARKURNOOL(SC),"NAGARKURNOOL, Telangana, India","NAGARKURNOOL(SC), Telangana",16.4157626,78.6830433,CONSTITUENCY,MEDIUM,resolved,"Nagarkurnool, Telangana, India"
Telangana,NALGONDA,"NALGONDA, Telangana, India","NALGONDA, Telangana",17.0504406,79.2669235,CONSTITUENCY,MEDIUM,resolved,"Nalgonda, Nalgonda mandal, Nalgonda, Telangana, 508001, India"
Telangana,NIZAMABAD,"NIZAMABAD, Telangana, India","NIZAMABAD, Telangana",18.6731912,78.0978195,CONSTITUENCY,MEDIUM,resolved,"Nizamabad, Nizamabad South mandal, Nizamabad, Telangana, 503001, India"
Telangana,PEDDAPALLE,"PEDDAPALLE, Telangana, India","PEDDAPALLE, Telangana",16.1722391,77.760645,CONSTITUENCY,MEDIUM,resolved,"Peddapalle, Maldakal mandal, Jogulamba Gadwal, Telangana, 509125, India"
Telangana,SECUNDERABAD,"SECUNDERABAD, Telangana, India","SECUNDERABAD, Telangana",17.4337246,78.5006827,CONSTITUENCY,MEDIUM,resolved,"Secunderabad, Hyderabad, Telangana, 500003, India"
Telangana,WARANGEL(SC),"WARANGEL, Telangana, India","WARANGEL(SC), Telangana",17.8495919,79.1151663,STATE,LOW,approximate,"Telangana, India"
Telangana,ZAHIRABAD,"ZAHIRABAD, Telangana, India","ZAHIRABAD, Telangana",17.6758253,77.6106926,CONSTITUENCY,MEDIUM,resolved,"Zahirabad, Pune - Machilipatnam Highway, Allipur, Zahirabad mandal, Sangareddy, Telangana, 502220, India"
Tripura,TRIPURA EAST(ST),"TRIPURA EAST, Tripura, India","TRIPURA EAST(ST), Tripura",23.7750823,91.7025091,STATE,LOW,approximate,"Tripura, India"
Tripura,TRIPURA WEST,"TRIPURA WEST, Tripura, India","TRIPURA WEST, Tripura",23.9153329,91.3879341,CONSTITUENCY,MEDIUM,resolved,"West Tripura, Tripura, India"
Uttar Pradesh,AGRA(SC),"AGRA, Uttar Pradesh, India","AGRA(SC), Uttar Pradesh",27.1752554,78.0098161,CONSTITUENCY,MEDIUM,resolved,"Agra, Uttar Pradesh, 280001, India"
Uttar Pradesh,AKBARPUR,"AKBARPUR, Uttar Pradesh, India","AKBARPUR, Uttar Pradesh",26.4200687,82.5382541,CONSTITUENCY,MEDIUM,resolved,"Akbarpur, Ambedkar Nagar, Uttar Pradesh, 224122, India"
Uttar Pradesh,ALIGARH,"ALIGARH, Uttar Pradesh, India","ALIGARH, Uttar Pradesh",27.8761073,78.1358153,CONSTITUENCY,MEDIUM,resolved,"Aligarh, Uttar Pradesh, India"
Uttar Pradesh,ALLAHABAD,"ALLAHABAD, Uttar Pradesh, India","ALLAHABAD, Uttar Pradesh",25.4381302,81.8338005,CONSTITUENCY,MEDIUM,resolved,"Prayagraj, Allahabad, Prayagraj, Uttar Pradesh, 211001, India"
Uttar Pradesh,AMBEDKAR NAGAR,"AMBEDKAR NAGAR, Uttar Pradesh, India","AMBEDKAR NAGAR, Uttar Pradesh",26.4045941,82.6065154,CONSTITUENCY,MEDIUM,resolved,"Ambedkar Nagar, Uttar Pradesh, India"
Uttar Pradesh,AMETHI,"AMETHI, Uttar Pradesh, India","AMETHI, Uttar Pradesh",26.346274,81.6252039,CONSTITUENCY,MEDIUM,resolved,"Amethi, Uttar Pradesh, India"
Uttar Pradesh,AMROHA,"AMROHA, Uttar Pradesh, India","AMROHA, Uttar Pradesh",28.7952632,78.3436244,CONSTITUENCY,MEDIUM,resolved,"Amroha, Uttar Pradesh, India"
Uttar Pradesh,AONLA,"AONLA, Uttar Pradesh, India","AONLA, Uttar Pradesh",28.2958741,79.1688538,CONSTITUENCY,MEDIUM,resolved,"Aonla, MDR37W, Paul Pothen Nagar, Ramnagar, Aonla, Bareilly, Uttar Pradesh, 243300, India"
Uttar Pradesh,AZAMGARH,"AZAMGARH, Uttar Pradesh, India","AZAMGARH, Uttar Pradesh",26.023639,83.0293105,CONSTITUENCY,MEDIUM,resolved,"Azamgarh, Uttar Pradesh, India"
Uttar Pradesh,BADAUN,"BADAUN, Uttar Pradesh, India","BADAUN, Uttar Pradesh",28.0649367,79.043832,CONSTITUENCY,MEDIUM,resolved,"Badaun, Uttar Pradesh, India"
Uttar Pradesh,BAGHPAT,"BAGHPAT, Uttar Pradesh, India","BAGHPAT, Uttar Pradesh",29.0374779,77.3062737,CONSTITUENCY,MEDIUM,resolved,"Baghpat, Uttar Pradesh, India"
Uttar Pradesh,BAHRAICH(SC),"BAHRAICH, Uttar Pradesh, India","BAHRAICH(SC), Uttar Pradesh",27.7343823,81.47654,CONSTITUENCY,MEDIUM,resolved,"Bahraich, Uttar Pradesh, India"
Uttar Pradesh,BALLIA,"BALLIA, Uttar Pradesh, India","BALLIA, Uttar Pradesh",25.8749595,84.1210329,CONSTITUENCY,MEDIUM,resolved,"Ballia, Uttar Pradesh, India"
Uttar Pradesh,BANDA,"BANDA, Uttar Pradesh, India","BANDA, Uttar Pradesh",25.4438537,80.5595237,CONSTITUENCY,MEDIUM,resolved,"Banda, Uttar Pradesh, India"
Uttar Pradesh,BANSGAON (SC),"BANSGAON, Uttar Pradesh, India","BANSGAON (SC), Uttar Pradesh",26.4975381,83.3955752,CONSTITUENCY,MEDIUM,resolved,"Bansgaon, Gorakhpur, Uttar Pradesh, India"
Uttar Pradesh,BARABANKI(SC),"BARABANKI, Uttar Pradesh, India","BARABANKI(SC), Uttar Pradesh",26.9421406,81.3856087,CONSTITUENCY,MEDIUM,resolved,"Barabanki, Uttar Pradesh, India"
Uttar Pradesh,BAREILLY,"BAREILLY, Uttar Pradesh, India","BAREILLY, Uttar Pradesh",28.4582345,79.4047452,CONSTITUENCY,MEDIUM,resolved,"Bareilly, Uttar Pradesh, India"
Uttar Pradesh,BASTI,"BASTI, Uttar Pradesh, India","BASTI, Uttar Pradesh",26.8387083,82.5350919,CONSTITUENCY,MEDIUM,resolved,"Basti, Uttar Pradesh, India"
Uttar Pradesh,BHADOHI,"BHADOHI, Uttar Pradesh, India","BHADOHI, Uttar Pradesh",25.424304,82.4883923,CONSTITUENCY,MEDIUM,resolved,"Bhadohi, Sant Ravidas Nagar, Uttar Pradesh, India"
Uttar Pradesh,BIJNOR,"BIJNOR, Uttar Pradesh, India","BIJNOR, Uttar Pradesh",29.4074203,78.4821406,CONSTITUENCY,MEDIUM,resolved,"Bijnor, Uttar Pradesh, India"
Uttar Pradesh,BULANDSHAHR(SC),"BULANDSHAHR, Uttar Pradesh, India","BULANDSHAHR(SC), Uttar Pradesh",28.3874073,77.9743805,CONSTITUENCY,MEDIUM,resolved,"Bulandshahr, Uttar Pradesh, India"
Uttar Pradesh,CHANDAULI,"CHANDAULI, Uttar Pradesh, India","CHANDAULI, Uttar Pradesh",25.125695,83.2494601,CONSTITUENCY,MEDIUM,resolved,"Chandauli, Uttar Pradesh, India"
Uttar Pradesh,DEORIA,"DEORIA, Uttar Pradesh, India","DEORIA, Uttar Pradesh",26.4239911,83.7638578,CONSTITUENCY,MEDIUM,resolved,"Deoria, Uttar Pradesh, India"
Uttar Pradesh,DHAURAHRA,"DHAURAHRA, Uttar Pradesh, India","DHAURAHRA, Uttar Pradesh",25.8354728,81.892584,CONSTITUENCY,MEDIUM,resolved,"SubCentre, Dhaurahra, NH731A, Jethwara, Pratapgarh, Uttar Pradesh, 230129, India"
Uttar Pradesh,DOMARIYAGANJ,"DOMARIYAGANJ, Uttar Pradesh, India","DOMARIYAGANJ, Uttar Pradesh",27.1962262,82.6785963,CONSTITUENCY,MEDIUM,resolved,"Domariyaganj, Siddharthnagar, Uttar Pradesh, India"
Uttar Pradesh,ETAH,"ETAH, Uttar Pradesh, India","ETAH, Uttar Pradesh",27.5550357,78.5992221,CONSTITUENCY,MEDIUM,resolved,"Etah, Uttar Pradesh, India"
Uttar Pradesh,ETAWAH(SC),"ETAWAH, Uttar Pradesh, India","ETAWAH(SC), Uttar Pradesh",26.7155629,79.0917098,CONSTITUENCY,MEDIUM,resolved,"Etawah, Uttar Pradesh, India"
Uttar Pradesh,FAIZABAD,"FAIZABAD, Uttar Pradesh, India","FAIZABAD, Uttar Pradesh",26.7807986,82.1486589,CONSTITUENCY,MEDIUM,resolved,"Faizabad, Ayodhya, Uttar Pradesh, 224001, India"
Uttar Pradesh,FARRUKHABAD,"FARRUKHABAD, Uttar Pradesh, India","FARRUKHABAD, Uttar Pradesh",27.4362003,79.4894778,CONSTITUENCY,MEDIUM,resolved,"Farrukhabad, Uttar Pradesh, India"
Uttar Pradesh,FATEHPUR,"FATEHPUR, Uttar Pradesh, India","FATEHPUR, Uttar Pradesh",25.8348023,80.9154547,CONSTITUENCY,MEDIUM,resolved,"Fatehpur, Uttar Pradesh, India"
Uttar Pradesh,FATEHPUR SIKRI,"FATEHPUR SIKRI, Uttar Pradesh, India","FATEHPUR SIKRI, Uttar Pradesh",27.0911655,77.6623984,CONSTITUENCY,MEDIUM,resolved,"Fatehpur Sikri, Kiraoli, Agra, Uttar Pradesh, 283110, India"
Uttar Pradesh,FIROZABAD,"FIROZABAD, Uttar Pradesh, India","FIROZABAD, Uttar Pradesh",27.1941954,78.4604956,CONSTITUENCY,MEDIUM,resolved,"Firozabad, Uttar Pradesh, India"
Uttar Pradesh,GAUTAM BUDDHA NAGAR,"GAUTAM BUDDHA NAGAR, Uttar Pradesh, India","GAUTAM BUDDHA NAGAR, Uttar Pradesh",28.368716,77.5970121,CONSTITUENCY,MEDIUM,resolved,"Gautam Buddha Nagar, Uttar Pradesh, India"
Uttar Pradesh,GHAZIABAD,"GHAZIABAD, Uttar Pradesh, India","GHAZIABAD, Uttar Pradesh",28.7749966,77.4586967,CONSTITUENCY,MEDIUM,resolved,"Ghaziabad, Uttar Pradesh, India"
Uttar Pradesh,GHAZIPUR,"GHAZIPUR, Uttar Pradesh, India","GHAZIPUR, Uttar Pradesh",25.6034863,83.5075888,CONSTITUENCY,MEDIUM,resolved,"Ghazipur, Uttar Pradesh, India"
Uttar Pradesh,GHOSI,"GHOSI, Uttar Pradesh, India","GHOSI, Uttar Pradesh",26.1437509,83.488566,CONSTITUENCY,MEDIUM,resolved,"Ghosi, Mau, Uttar Pradesh, India"
Uttar Pradesh,GONDA,"GONDA, Uttar Pradesh, India","GONDA, Uttar Pradesh",27.1103723,81.9238906,CONSTITUENCY,MEDIUM,resolved,"Gonda, Uttar Pradesh, India"
Uttar Pradesh,GORAKHPUR,"GORAKHPUR, Uttar Pradesh, India","GORAKHPUR, Uttar Pradesh",26.6677977,83.3642334,CONSTITUENCY,MEDIUM,resolved,"Gorakhpur, Uttar Pradesh, India"
Uttar Pradesh,HAMIRPUR_UP,"HAMIRPUR_UP, Uttar Pradesh, India","HAMIRPUR_UP, Uttar Pradesh",25.75,80.0,CONSTITUENCY,MEDIUM,resolved,"Hamirpur, Uttar Pradesh, India"
Uttar Pradesh,HARDOI (SC),"HARDOI, Uttar Pradesh, India","HARDOI (SC), Uttar Pradesh",27.3369978,80.0998232,CONSTITUENCY,MEDIUM,resolved,"Hardoi, Uttar Pradesh, India"
Uttar Pradesh,HATHRAS (SC),"HATHRAS, Uttar Pradesh, India","HATHRAS (SC), Uttar Pradesh",27.5724324,78.1116209,CONSTITUENCY,MEDIUM,resolved,"Hathras, Uttar Pradesh, India"
Uttar Pradesh,JALAUN(SC),"JALAUN, Uttar Pradesh, India","JALAUN(SC), Uttar Pradesh",26.1048633,79.3919136,CONSTITUENCY,MEDIUM,resolved,"Jalaun, Uttar Pradesh, India"
Uttar Pradesh,JAUNPUR,"JAUNPUR, Uttar Pradesh, India","JAUNPUR, Uttar Pradesh",25.7967065,82.4888992,CONSTITUENCY,MEDIUM,resolved,"Jaunpur, Uttar Pradesh, India"
Uttar Pradesh,JHANSI,"JHANSI, Uttar Pradesh, India","JHANSI, Uttar Pradesh",25.529855,78.6527802,CONSTITUENCY,MEDIUM,resolved,"Jhansi, Uttar Pradesh, India"
Uttar Pradesh,KAIRANA,"KAIRANA, Uttar Pradesh, India","KAIRANA, Uttar Pradesh",29.394447,77.2052786,CONSTITUENCY,MEDIUM,resolved,"Kairana, Shamli, Uttar Pradesh, 247774, India"
Uttar Pradesh,KAISERGANJ,"KAISERGANJ, Uttar Pradesh, India","KAISERGANJ, Uttar Pradesh",27.2991379,81.5633544,CONSTITUENCY,MEDIUM,resolved,"Kaiserganj, Bahraich, Uttar Pradesh, India"
Uttar Pradesh,KANNAUJ,"KANNAUJ, Uttar Pradesh, India","KANNAUJ, Uttar Pradesh",26.9986675,79.6927946,CONSTITUENCY,MEDIUM,resolved,"Kannauj, Uttar Pradesh, India"
Uttar Pradesh,KANPUR,"KANPUR, Uttar Pradesh, India","KANPUR, Uttar Pradesh",26.4609135,80.3217588,CONSTITUENCY,MEDIUM,resolved,"Kanpur, Kanpur Nagar, Uttar Pradesh, 208012, India"
Uttar Pradesh,KAUSHAMBI(SC),"KAUSHAMBI, Uttar Pradesh, India","KAUSHAMBI(SC), Uttar Pradesh",25.5342456,81.4493567,CONSTITUENCY,MEDIUM,resolved,"Kaushambi, Uttar Pradesh, India"
Uttar Pradesh,KHERI,"KHERI, Uttar Pradesh, India","KHERI, Uttar Pradesh",28.116667,80.716667,CONSTITUENCY,MEDIUM,resolved,"Kheri, Lakhimpur Kheri, Uttar Pradesh, India"
Uttar Pradesh,KUSHI NAGAR,"KUSHI NAGAR, Uttar Pradesh, India","KUSHI NAGAR, Uttar Pradesh",27.1303344,80.859666,STATE,LOW,approximate,"Uttar Pradesh, India"
Uttar Pradesh,LALGANJ (SC),"LALGANJ, Uttar Pradesh, India","LALGANJ (SC), Uttar Pradesh",25.9929388,81.6604115,CONSTITUENCY,MEDIUM,resolved,"Lalganj, Pratapgarh, Uttar Pradesh, India"
Uttar Pradesh,LUCKNOW,"LUCKNOW, Uttar Pradesh, India","LUCKNOW, Uttar Pradesh",26.8381,80.9346001,CONSTITUENCY,MEDIUM,resolved,"Lucknow, Uttar Pradesh, 226027, India"
Uttar Pradesh,MACHHLISHAHR(SC),"MACHHLISHAHR, Uttar Pradesh, India","MACHHLISHAHR(SC), Uttar Pradesh",25.6875311,82.4109017,CONSTITUENCY,MEDIUM,resolved,"Machhlishahr, Jaunpur, Uttar Pradesh, 222143, India"
Uttar Pradesh,MAHARAJGANJ_UP,"MAHARAJGANJ_UP, Uttar Pradesh, India","MAHARAJGANJ_UP, Uttar Pradesh",26.4710847,81.1807046,CONSTITUENCY,MEDIUM,resolved,"Maharajganj, Raebareli, Uttar Pradesh, India"
Uttar Pradesh,MAINPURI,"MAINPURI, Uttar Pradesh, India","MAINPURI, Uttar Pradesh",27.2093072,79.0625369,CONSTITUENCY,MEDIUM,resolved,"Mainpuri, Uttar Pradesh, India"
Uttar Pradesh,MATHURA,"MATHURA, Uttar Pradesh, India","MATHURA, Uttar Pradesh",27.4955539,77.6855554,CONSTITUENCY,MEDIUM,resolved,"Mathura, Uttar Pradesh, 281001, India"
Uttar Pradesh,MEERUT,"MEERUT, Uttar Pradesh, India","MEERUT, Uttar Pradesh",29.0018557,77.7679671,CONSTITUENCY,MEDIUM,resolved,"Meerut, Uttar Pradesh, India"
Uttar Pradesh,MISRIKH(SC),"MISRIKH, Uttar Pradesh, India","MISRIKH(SC), Uttar Pradesh",27.5322549,80.4401156,CONSTITUENCY,MEDIUM,resolved,"Misrikh, Sitapur, Uttar Pradesh, India"
Uttar Pradesh,MOHANLALGANJ(SC),"MOHANLALGANJ, Uttar Pradesh, India","MOHANLALGANJ(SC), Uttar Pradesh",26.6722274,81.0670433,CONSTITUENCY,MEDIUM,resolved,"Mohanlalganj, Lucknow, Uttar Pradesh, India"
Uttar Pradesh,MORADABAD,"MORADABAD, Uttar Pradesh, India","MORADABAD, Uttar Pradesh",28.8796553,78.8095335,CONSTITUENCY,MEDIUM,resolved,"Moradabad, Uttar Pradesh, India"
Uttar Pradesh,MUZAFFARNAGAR,"MUZAFFARNAGAR, Uttar Pradesh, India","MUZAFFARNAGAR, Uttar Pradesh",29.4496979,77.7429333,CONSTITUENCY,MEDIUM,resolved,"Muzaffarnagar, Uttar Pradesh, India"
Uttar Pradesh,NAGINA(SC),"NAGINA, Uttar Pradesh, India","NAGINA(SC), Uttar Pradesh",29.538422,78.5151467,CONSTITUENCY,MEDIUM,resolved,"Nagina, Bijnor, Uttar Pradesh, 246762, India"
Uttar Pradesh,PHULPUR,"PHULPUR, Uttar Pradesh, India","PHULPUR, Uttar Pradesh",26.0362585,82.7985315,CONSTITUENCY,MEDIUM,resolved,"Phulpur, Azamgarh, Uttar Pradesh, India"
Uttar Pradesh,PILIBHIT,"PILIBHIT, Uttar Pradesh, India","PILIBHIT, Uttar Pradesh",28.4947158,80.1076122,CONSTITUENCY,MEDIUM,resolved,"Pilibhit, Uttar Pradesh, India"
Uttar Pradesh,PRATAPGARH,"PRATAPGARH, Uttar Pradesh, India","PRATAPGARH, Uttar Pradesh",25.75,81.75,CONSTITUENCY,MEDIUM,resolved,"Pratapgarh, Uttar Pradesh, India"
Uttar Pradesh,RAE BARELI,"RAE BARELI, Uttar Pradesh, India","RAE BARELI, Uttar Pradesh",26.25,81.25,CONSTITUENCY,MEDIUM,resolved,"Rāe Bareli, Raebareli, Uttar Pradesh, India"
Uttar Pradesh,RAMPUR,"RAMPUR, Uttar Pradesh, India","RAMPUR, Uttar Pradesh",28.7934728,79.1845806,CONSTITUENCY,MEDIUM,resolved,"Rampur, Uttar Pradesh, India"
Uttar Pradesh,ROBERTSGANJ(SC),"ROBERTSGANJ, Uttar Pradesh, India","ROBERTSGANJ(SC), Uttar Pradesh",24.6266156,83.2403026,CONSTITUENCY,MEDIUM,resolved,"Robertsganj, Sonbhadra, Uttar Pradesh, India"
Uttar Pradesh,SAHARANPUR,"SAHARANPUR, Uttar Pradesh, India","SAHARANPUR, Uttar Pradesh",29.9856799,77.5040646,CONSTITUENCY,MEDIUM,resolved,"Saharanpur, Uttar Pradesh, India"
Uttar Pradesh,SALEMPUR,"SALEMPUR, Uttar Pradesh, India","SALEMPUR, Uttar Pradesh",26.2967211,83.921322,CONSTITUENCY,MEDIUM,resolved,"Salempur, Deoria, Uttar Pradesh, 274509, India"
Uttar Pradesh,SAMBHAL,"SAMBHAL, Uttar Pradesh, India","SAMBHAL, Uttar Pradesh",28.4271928,78.5564546,CONSTITUENCY,MEDIUM,resolved,"Sambhal, Uttar Pradesh, India"
Uttar Pradesh,SANT KABIR NAGAR,"SANT KABIR NAGAR, Uttar Pradesh, India","SANT KABIR NAGAR, Uttar Pradesh",26.755082,83.0398545,CONSTITUENCY,MEDIUM,resolved,"Sant Kabir Nagar, Uttar Pradesh, India"
Uttar Pradesh,SHAHJAHANPUR(SC),"SHAHJAHANPUR, Uttar Pradesh, India","SHAHJAHANPUR(SC), Uttar Pradesh",27.9128583,79.7476254,CONSTITUENCY,MEDIUM,resolved,"Shahjahanpur, Uttar Pradesh, India"
Uttar Pradesh,SHRAWASTI,"SHRAWASTI, Uttar Pradesh, India","SHRAWASTI, Uttar Pradesh",27.5083429,82.0263569,CONSTITUENCY,MEDIUM,resolved,"Sravasti, Ikauna, Sharavasti, Uttar Pradesh, India"
Uttar Pradesh,SITAPUR,"SITAPUR, Uttar Pradesh, India","SITAPUR, Uttar Pradesh",27.5026748,80.8335139,CONSTITUENCY,MEDIUM,resolved,"Sitapur, Uttar Pradesh, India"
Uttar Pradesh,SULTANPUR,"SULTANPUR, Uttar Pradesh, India","SULTANPUR, Uttar Pradesh",26.2604732,82.2380532,CONSTITUENCY,MEDIUM,resolved,"Sultanpur, Uttar Pradesh, India"
Uttar Pradesh,UNNAO,"UNNAO, Uttar Pradesh, India","UNNAO, Uttar Pradesh",26.5673264,80.6198193,CONSTITUENCY,MEDIUM,resolved,"Unnao, Uttar Pradesh, India"
Uttar Pradesh,VARANASI,"VARANASI, Uttar Pradesh, India","VARANASI, Uttar Pradesh",25.3356491,83.0076292,CONSTITUENCY,MEDIUM,resolved,"Varanasi, Sadar, Varanasi, Uttar Pradesh, 221001, India"
Uttarakhand,ALMORA(SC),"ALMORA, Uttarakhand, India","ALMORA(SC), Uttarakhand",29.702651,79.4326318,CONSTITUENCY,MEDIUM,resolved,"Almora, Uttarakhand, India"
Uttarakhand,GARHWAL,"GARHWAL, Uttarakhand, India","GARHWAL, Uttarakhand",30.25,79.333333,CONSTITUENCY,MEDIUM,resolved,"Garhwāl, Chamoli, Uttarakhand, 246488, India"
Uttarakhand,HARDWAR,"HARDWAR, Uttarakhand, India","HARDWAR, Uttarakhand",29.9384473,78.1452985,CONSTITUENCY,MEDIUM,resolved,"Haridwār, Hardwar, Haridwar, Uttarakhand, 249401, India"
Uttarakhand,NAINITAL UDHAM SINGH NAG.,"NAINITAL UDHAM SINGH NAG., Uttarakhand, India","NAINITAL UDHAM SINGH NAG., Uttarakhand",30.0417376,79.089691,STATE,LOW,approximate,"Uttarakhand, India"
Uttarakhand,TEHRI GARHWAL,"TEHRI GARHWAL, Uttarakhand, India","TEHRI GARHWAL, Uttarakhand",30.4658181,78.4837349,CONSTITUENCY,MEDIUM,resolved,"Tehri Garhwal, Uttarakhand, India"
West Bengal,ALIPURDUARS(ST),"ALIPURDUARS, West Bengal, India","ALIPURDUARS(ST), West Bengal",22.9964948,87.6855882,STATE,LOW,approximate,"West Bengal, India"
West Bengal,ARAMBAG(SC),"ARAMBAG, West Bengal, India","ARAMBAG(SC), West Bengal",22.8584799,87.8548716,CONSTITUENCY,MEDIUM,resolved,"Arambag, Hooghly, West Bengal, India"
West Bengal,ASANSOL,"ASANSOL, West Bengal, India","ASANSOL, West Bengal",23.6871297,86.9746587,CONSTITUENCY,MEDIUM,resolved,"Asansol, Asansol Kulti Township, Paschim Bardhaman, West Bengal, India"
West Bengal,BAHARAMPUR,"BAHARAMPUR, West Bengal, India","BAHARAMPUR, West Bengal",24.1044927,88.2510635,CONSTITUENCY,MEDIUM,resolved,"Berhampore, Murshidabad, West Bengal, 742101, India"
West Bengal,BALURGHAT,"BALURGHAT, West Bengal, India","BALURGHAT, West Bengal",25.2234352,88.7780654,CONSTITUENCY,MEDIUM,resolved,"Balurghat, Dakshin Dinajpur, West Bengal, 733101, India"
West Bengal,BANGAON(SC),"BANGAON, West Bengal, India","BANGAON(SC), West Bengal",23.0434655,88.8317765,CONSTITUENCY,MEDIUM,resolved,"Bangaon, Bongaon, North 24 Parganas, West Bengal, 743235, India"
West Bengal,BANKURA,"BANKURA, West Bengal, India","BANKURA, West Bengal",23.132377,87.2081925,CONSTITUENCY,MEDIUM,resolved,"Bankura, West Bengal, India"
West Bengal,BARASAT,"BARASAT, West Bengal, India","BARASAT, West Bengal",22.7191072,88.4826229,CONSTITUENCY,MEDIUM,resolved,"Barasat, Kolkata Metropolitan Area, Barasat - I, North 24 Parganas, West Bengal, 700124, India"
West Bengal,BARDHAMAN PURBA(SC),"BARDHAMAN PURBA, West Bengal, India","BARDHAMAN PURBA(SC), West Bengal",23.263175,87.8357239,CONSTITUENCY,MEDIUM,resolved,"Bank of India, Grand Trunk Road, Indraprastha, Nazrul Pally, Bardhaman, Burdwan - I, Purba Bardhaman, West Bengal, 713104, India"
West Bengal,BARDHAMAN-DURGAPUR,"BARDHAMAN-DURGAPUR, West Bengal, India","BARDHAMAN-DURGAPUR, West Bengal",23.5675807,87.3178568,CONSTITUENCY,MEDIUM,resolved,"State Bank of India, B-Zone Branch, Vidyasagar Road, Durgapur, Faridpur Durgapur, Paschim Bardhaman, West Bengal, 713200, India"
West Bengal,BARRACKPUR,"BARRACKPUR, West Bengal, India","BARRACKPUR, West Bengal",22.6936229,88.403312,CONSTITUENCY,MEDIUM,resolved,"Barrackpur - II, North 24 Parganas, West Bengal, India"
West Bengal,BASIRHAT,"BASIRHAT, West Bengal, India","BASIRHAT, West Bengal",22.6611962,88.8660215,CONSTITUENCY,MEDIUM,resolved,"Basirhat, Basirhat - I, North 24 Parganas, West Bengal, 743411, India"
West Bengal,BIRBHUM,"BIRBHUM, West Bengal, India","BIRBHUM, West Bengal",24.0621532,87.6982823,CONSTITUENCY,MEDIUM,resolved,"Birbhum, West Bengal, India"
West Bengal,BISHNUPUR(SC),"BISHNUPUR, West Bengal, India","BISHNUPUR(SC), West Bengal",23.0757335,87.3146343,CONSTITUENCY,MEDIUM,resolved,"Bishnupur, Vishnupur, Bankura, West Bengal, India"
West Bengal,BOLPUR(SC),"BOLPUR, West Bengal, India","BOLPUR(SC), West Bengal",23.661154,87.6962424,CONSTITUENCY,MEDIUM,resolved,"Bolpur, Bolpur Sriniketan, Birbhum, West Bengal, 731204, India"
West Bengal,COOCHBEHAR(SC),"COOCHBEHAR, West Bengal, India","COOCHBEHAR(SC), West Bengal",26.340623,89.4812163,CONSTITUENCY,MEDIUM,resolved,"Coochbehar Industrial Park Phase-I, Railway Colony, Cooch Behar - II, Cooch Behar, West Bengal, India"
West Bengal,DARJEELING,"DARJEELING, West Bengal, India","DARJEELING, West Bengal",27.0377554,88.263176,CONSTITUENCY,MEDIUM,resolved,"Darjeeling, Darjeeling Pulbazar, Darjeeling, West Bengal, 734101, India"
West Bengal,DIAMOND HARBOUR,"DIAMOND HARBOUR, West Bengal, India","DIAMOND HARBOUR, West Bengal",22.1926886,88.1894879,CONSTITUENCY,MEDIUM,resolved,"Diamond Harbour, Diamond Harbour - I, South 24 Parganas, West Bengal, 743331, India"
West Bengal,DUM DUM,"DUM DUM, West Bengal, India","DUM DUM, West Bengal",22.6520597,88.4360417,CONSTITUENCY,MEDIUM,resolved,"Dum Dum, Kolkata Metropolitan Area, Barrackpur - II, North 24 Parganas, West Bengal, 700081, India"
West Bengal,GHATAL,"GHATAL, West Bengal, India","GHATAL, West Bengal",22.6645296,87.7338573,CONSTITUENCY,MEDIUM,resolved,"Ghatal, Paschim Medinipur, West Bengal, 721212, India"
West Bengal,HOOGHLY,"HOOGHLY, West Bengal, India","HOOGHLY, West Bengal",22.9099402,88.0120825,CONSTITUENCY,MEDIUM,resolved,"Hooghly, West Bengal, India"
West Bengal,HOWRAH,"HOWRAH, West Bengal, India","HOWRAH, West Bengal",22.5736296,88.3251045,CONSTITUENCY,MEDIUM,resolved,"Haora, Kolkata Metropolitan Area, Howrah, West Bengal, India"
West Bengal,JADAVPUR,"JADAVPUR, West Bengal, India","JADAVPUR, West Bengal",22.495499,88.3709006,CONSTITUENCY,MEDIUM,resolved,"Jadavpur, Kolkata, Kolkata Metropolitan Area, Kolkata, West Bengal, 700032, India"
West Bengal,JALPAIGURI(SC),"JALPAIGURI, West Bengal, India","JALPAIGURI(SC), West Bengal",26.6262805,88.7334485,CONSTITUENCY,MEDIUM,resolved,"Jalpaiguri, West Bengal, India"
West Bengal,JANGIPUR,"JANGIPUR, West Bengal, India","JANGIPUR, West Bengal",24.4561534,88.1073968,CONSTITUENCY,MEDIUM,resolved,"Jangipur, Raghunathganj - II, Murshidabad, West Bengal, 742213, India"
West Bengal,JHARGRAM(ST),"JHARGRAM, West Bengal, India","JHARGRAM(ST), West Bengal",22.4538505,86.9949477,CONSTITUENCY,MEDIUM,resolved,"Jhārgrām, Jhargram, West Bengal, 721507, India"
West Bengal,JOYNAGAR(SC),"JOYNAGAR, West Bengal, India","JOYNAGAR(SC), West Bengal",22.3848887,88.410831,CONSTITUENCY,MEDIUM,resolved,"Joynagar, Kolkata Metropolitan Area, Sonarpur, South 24 Parganas, West Bengal, 700145, India"
West Bengal,KANTHI,"KANTHI, West Bengal, India","KANTHI, West Bengal",21.7884623,87.7339077,CONSTITUENCY,MEDIUM,resolved,"Kanthi, Contai Bypass Road, Contai, Contai-I, Purba Medinipur, West Bengal, 721401, India"
West Bengal,KOLKATA DAKSHIN,"KOLKATA DAKSHIN, West Bengal, India","KOLKATA DAKSHIN, West Bengal",22.5185653,88.352614,CONSTITUENCY,MEDIUM,resolved,"Dakshin Kolkata Sangha, Park West Side, Manoharpukur, Kolkata, Kolkata Metropolitan Area, Kolkata, West Bengal, 700026, India"
West Bengal,KOLKATA UTTAR,"KOLKATA UTTAR, West Bengal, India","KOLKATA UTTAR, West Bengal",26.2552488,88.1815087,CONSTITUENCY,MEDIUM,resolved,"Kolkata Booking Counter, Newtown Road, Deshbandhu Para, Islampur, Uttar Dinajpur, West Bengal, 733202, India"
West Bengal,KRISHNANAGAR,"KRISHNANAGAR, West Bengal, India","KRISHNANAGAR, West Bengal",23.4058481,88.4958935,CONSTITUENCY,MEDIUM,resolved,"Krishnanagar, Krishnagar-I, Nadia, West Bengal, 741101, India"
West Bengal,MALDAHA DAKSHIN,"MALDAHA DAKSHIN, West Bengal, India","MALDAHA DAKSHIN, West Bengal",22.9964948,87.6855882,STATE,LOW,approximate,"West Bengal, India"
West Bengal,MALDAHA UTTAR,"MALDAHA UTTAR, West Bengal, India","MALDAHA UTTAR, West Bengal",22.9964948,87.6855882,STATE,LOW,approximate,"West Bengal, India"
West Bengal,MATHURAPUR(SC),"MATHURAPUR, West Bengal, India","MATHURAPUR(SC), West Bengal",22.1202674,88.3943285,CONSTITUENCY,MEDIUM,resolved,"Mathurapur, Mathurapur - I, South 24 Parganas, West Bengal, 743354, India"
West Bengal,MEDINIPUR,"MEDINIPUR, West Bengal, India","MEDINIPUR, West Bengal",22.4207025,87.3269963,CONSTITUENCY,MEDIUM,resolved,"Medinipur, Midnapore, Paschim Medinipur, West Bengal, 721101, India"
West Bengal,MURSHIDABAD,"MURSHIDABAD, West Bengal, India","MURSHIDABAD, West Bengal",24.1745993,88.2721335,CONSTITUENCY,MEDIUM,resolved,"Murshidabad, Murshidabad Jiaganj, Murshidabad, West Bengal, 742149, India"
West Bengal,PURULIA,"PURULIA, West Bengal, India","PURULIA, West Bengal",23.2020967,86.3228988,CONSTITUENCY,MEDIUM,resolved,"Purulia, West Bengal, India"
West Bengal,RAIGANJ,"RAIGANJ, West Bengal, India","RAIGANJ, West Bengal",25.6271966,88.1317967,CONSTITUENCY,MEDIUM,resolved,"Raiganj, Uttar Dinajpur, West Bengal, 733134, India"
West Bengal,RANAGHAT(SC),"RANAGHAT, West Bengal, India","RANAGHAT(SC), West Bengal",23.1738124,88.563677,CONSTITUENCY,MEDIUM,resolved,"Ranaghat, Ranaghat - II, Nadia, West Bengal, 741200, India"
West Bengal,SREERAMPUR,"SREERAMPUR, West Bengal, India","SREERAMPUR, West Bengal",22.7037359,88.8181878,CONSTITUENCY,MEDIUM,resolved,"Maguruti- Sreerampur Road, খামারপাড়া, Baduria, North 24 Parganas, West Bengal, 743428, India"
West Bengal,TAMLUK,"TAMLUK, West Bengal, India","TAMLUK, West Bengal",22.2896984,87.9255933,CONSTITUENCY,MEDIUM,resolved,"Tamluk, Purba Medinipur, West Bengal, 721600, India"
West Bengal,ULUBERIA,"ULUBERIA, West Bengal, India","ULUBERIA, West Bengal",22.4700318,88.1011108,CONSTITUENCY,MEDIUM,resolved,"Uluberia, Kolkata Metropolitan Area, Uluberia - I, Howrah, West Bengal, 711315, India"
